X1,X2,X3,X4,X5,X6,X7,X8,X9,X10
2.02163410158909,3.41700232830863,3.20357519799112,4.67438104843864,7.8451962012623,4.47465183313127,1.65253972764236,3.19217479860078,7.09279620435464,2.88224241641096
2.6346540006842,4.98963692831508,3.5485222717783,5.16724905939,7.52724110202187,5.15579901208342,2.30356861665974,3.65285349778105,7.51841151781928,3.04662441475998
2.16185262278823,4.36974751497561,3.42375356811379,5.07679509280629,7.4321896309083,4.9555708228754,3.00084081235666,4.44269684776376,6.69031751678407,3.35082174844085
2.61183297801973,5.05885489799426,3.43886984564833,5.14523975845945,7.38189878014194,5.00556604346053,3.08440151815846,4.54197636964531,6.76136589736582,3.38859099423765
2.29652928655416,2.65278643617659,3.39478997005296,4.93570185990331,7.5724314880264,4.85796804150812,2.83465620148571,4.22169226301093,6.09814535784774,3.19783612375927
2.26509380581139,4.40138784922818,3.44686360771141,4.96015187120543,7.40186891676371,4.98719044303085,4.36353764426521,4.37102652955235,6.76636155688021,3.27359724313208
2.77894388727506,5.06252765641767,3.46177243544345,5.02678546712655,7.35398825628833,5.03570223762158,4.44674495509774,4.45218670376043,6.84733525826757,3.30476298329671
2.14429156464865,2.7963067850822,3.41872939373838,4.8263104236426,7.53245538518378,4.89552291379633,4.19875259849983,4.22248503400023,6.13450324871904,3.14702820179822
2.32762860761884,5.37421925885484,3.45955675129738,4.98719659855431,7.3104488495324,5.06205186388456,4.6337437946406,4.54268306138451,6.78897761108672,3.42383723787979
2.58006792793177,4.28113252512026,3.43126358593393,4.88635347251413,7.40041859043447,4.9824731083905,4.5171201448852,4.32007733628523,6.79346373933651,3.28595844721333
2.27308549105375,1.59645308408701,3.3643683115945,4.63064792493289,7.61260519537369,4.78614870668411,4.21203523923851,3.85292814458192,6.68636706096539,3.01900856806666
2.20422804803855,2.81518280565919,3.41382839959445,4.75573564971169,7.52313748975294,4.92133506040392,2.7567325547268,4.26080989801996,6.10556189978695,3.27889636889777
2.55917155900933,4.28559761200895,3.43757017925046,4.87877759185192,7.40577828113581,5.00314078704542,2.91049096850101,4.36824205861796,6.76259975742658,3.37209675392245
2.45276974166563,4.36431900681046,3.4415477139625,4.88594993490886,7.39737820394161,5.01003418949447,2.92081450306134,4.37311984897174,6.75726535236246,3.39226069449988
2.26946524359245,3.5465986376654,3.45730067944099,5.16197742801386,7.24731300960941,5.14215273493361,1.88113336242729,3.91494818076137,6.69201398784925,3.24875144625083
3.56447291544505,4.51908670852087,3.59234873604813,4.63484724661719,7.52610634484369,5.13758124351244,1.17988451655681,5.02298981966957,6.52707827743853,3.63341711074249
1.85407913806345,2.8788082470614,3.37737342878654,4.96599145093623,7.35124859552456,4.95257507513312,1.59303432927162,5.25620929689014,5.82878821662047,3.72508116573207
2.52308240365521,4.04167113300265,3.50221756112357,5.68501466750448,7.20353149596591,5.26141821282197,4.77065909047588,3.93860504010103,7.34113309908704,3.07152886247715
2.42756630282322,4.49295341035533,3.31918065450993,5.52689165396081,7.29698579755133,4.95055258147115,4.55473710189458,3.30126331629725,7.61439310233236,2.80751894655821
2.52308240365521,4.04167113300265,3.50221756112357,5.68501466750448,7.20353149596591,5.26141821282197,4.77065909047588,3.93860504010103,7.34113309908704,3.07152886247715
2.24785022924726,4.21588977582967,3.41681815621893,4.85815891372377,7.4004451504921,4.95050191367859,4.48312040019896,4.21919757487956,7.31907778554474,3.26329245948955
2.5546523043212,5.23196243388328,3.45397623634241,4.97521579877994,7.32486611110612,5.05088118405001,4.61950911943704,4.5120273614281,6.80931703518153,3.38814722117151
2.50725278206579,2.51346075958428,3.43651443578737,4.07248257617068,7.90917150129106,4.68285337192161,3.4534280348616,4.29942547238033,6.53612802301911,3.20884896103302
1.94417110950875,4.25571018810194,3.42136808863296,4.98376398056145,7.42824611937618,4.94270831239821,2.81687255350006,4.33594298226297,7.23671209615539,3.30990562865664
2.84548446752331,5.04015151680563,3.45153833940778,5.09802411178956,7.38737418856642,5.04390812071007,2.93063790082658,4.79863219183184,6.17864842210931,3.37838539407637
2.07884777327469,2.5387588206393,3.39240449057213,4.84267198941367,7.56848797649428,4.84510553103094,2.6506879426291,4.11493839751013,6.64453993721905,3.15692000397506
2.21494485190323,5.19320000766323,3.42526524049579,5.29159228190344,7.37259547485069,5.01540804300467,4.29703519105701,4.5448121972738,6.7841009715798,3.37000123646267
2.30753826461243,1.59088668424786,3.28970331764288,4.90774540227938,7.66882796517133,4.686203110623,3.82075086499289,3.82712563505344,7.78157365425551,2.85608840838788
2.19221903961696,3.78802795060406,3.41596889055478,5.19674614030877,7.48992812341019,4.96557351107508,4.17727652196904,4.53825354815721,5.60145456492882,3.29946096768709
2.18000369433746,4.23758791038378,3.4156205866649,4.87058161950278,7.40013066443585,4.95036321315565,4.47318434267647,4.23733655486485,7.30906326454764,3.26859404605927
2.84391508525039,5.34547148502448,3.4713805777888,5.01997391411805,7.32036406213242,5.0872937917476,4.65479873396069,4.59446508066246,6.29061720021633,3.42422933659707
2.14136922991178,1.64611879447029,3.36337819184295,4.64488170044395,7.60988051902646,4.78749343215557,4.20244225442149,3.8891793214941,6.66643271635956,3.03091136473596
2.32004304345157,4.35862412645594,3.43962447988304,4.99552964739404,7.42350372724577,4.96435239072503,3.03373661140284,4.40770096725753,6.70868840653231,3.33064663364378
2.59960040821808,5.05812330885568,3.44802914144198,5.06050106822715,7.37552943608049,5.00946291053359,3.09875660312807,4.60592044305492,6.73087016399928,3.3677128733073
2.02138733631944,1.39533129106669,3.34991461020293,4.69365396727731,7.65734031648611,4.71930366512442,2.6733121167822,3.79368488884065,7.15771558930815,2.98750174582882
0.94472082087519,2.51528224413139,3.19027541005546,4.28639247711525,7.80258354078547,4.35887266038132,2.31810171662533,2.37685725264511,9.37481124200032,2.52044356970384
1.30329264052402,0.848428285320291,3.24258807594856,4.53381609856108,7.68589512583185,4.53930085211422,2.57587942199794,3.41003141321258,8.83181617296593,2.74243955457968
3.34477443436795,5.0782688766801,3.49038920975838,3.76648136075544,8.08207131835237,4.5913292193397,1.54385711101824,4.50161650856217,6.78320576878488,3.41001369075801
1.25409660088759,2.37007652169033,3.25454953619057,5.4526514644685,7.11206398777895,4.87363856224251,3.73094780422661,4.17662028414388,7.18168404116936,3.1563559410341
3.36818723572206,5.03241654462976,3.62064470434418,4.41434069188949,7.696664743234,5.02016664009358,2.33913898645677,4.95982338398863,6.55308011269005,3.40311225394197
2.15242393763872,4.04172125243065,3.42327114384248,4.72208482322519,7.49909707899567,4.84492388315776,2.72516804963495,4.56534946111223,6.97925949654936,3.36381747133081
2.46816643463812,5.89647661227664,3.50307799183671,5.28414537248672,7.31228181405445,5.18028433777523,2.93920243868998,5.04044166065654,5.0877019380132,3.64565536873785
2.15162683023363,3.39639820313301,3.38137309159361,4.4709374669525,7.82811215974603,4.70307097686567,1.99298297282414,3.2119523445903,7.77637066504742,2.78015134742647
2.37277613817783,3.08712116195424,3.359886065498,4.39343732141468,7.87539894222927,4.6329025941657,1.89695907267277,3.77415831666371,7.16008460697897,3.03302685859906
2.50897909580813,4.57013404995239,3.52584839061567,3.98360154321728,7.91128617723994,4.78599901136567,3.14155942760279,5.010764113058,6.65542175335626,3.49814083401113
2.49800944687203,3.95569896894643,3.50815080536492,4.60553842289904,7.57761360513322,4.99802438252551,3.90492172041639,5.69311170608227,5.32913772744805,3.72498625960902
2.77110482123851,4.40600725123019,3.43844890320413,4.63975148194406,7.5472285822191,4.90066509284589,4.04512521474945,4.36455915614356,7.06365972116229,3.28523382122548
2.24495569980254,4.77768936451486,3.49885721770837,4.64964605760168,7.53853502989996,4.9876956522954,2.69285836912095,5.1946376531124,4.87012025675707,3.67159316843449
2.64040416896769,4.6508124717619,3.58242244800338,4.72581406611788,7.51286790297778,5.1446725516342,2.79523490578945,5.39660070451861,4.8206107541546,3.6291338082298
3.67289183252555,4.11763058982637,3.54716263966243,4.33200820144046,7.708714177597,4.92798662099227,2.32253445585058,4.91531049957584,6.60953267903278,3.55604141050575
2.22968854865153,5.32055064964652,3.51193596703946,5.42859683285981,7.05162829157781,5.34070697958416,6.37997870360609,4.81473327363183,6.28363953300273,3.47258126987796
3.47629803830548,5.15541761063381,3.50955094382212,4.36096895900717,7.70296175583589,4.94968154514167,4.9464638474106,5.04778774926696,5.6054308012373,3.43145555008941
3.14425134013409,5.16144785100742,3.68848705102786,5.37089273930719,7.10792875593276,5.5709810436493,6.35172882189475,4.29520178946155,6.99523432269057,3.21693913288089
1.14880602772904,2.52446935444998,3.20392776044691,5.14360075604974,7.46208036142704,4.70674427332661,5.44529365444187,4.33649365959002,6.71014523997331,3.22855607046134
4.03642115095673,4.90006692527106,3.60497539175337,4.20180370829126,8.04318787890427,4.96380673923543,4.16360681943553,5.35141127354587,5.59253391064633,3.31226666660547
1.14880602772904,2.52446935444998,3.20392776044691,5.14360075604974,7.46208036142704,4.70674427332661,5.44529365444187,4.33649365959002,6.71014523997331,3.22855607046134
2.38490295941208,5.1042341481897,3.4457064342023,5.23802339830495,7.3639230175341,5.09047178469752,5.54947620200803,4.68203742550475,6.72771553816896,3.42735829171665
2.73645393767136,4.80696156281776,3.40647318397706,5.59071946004571,7.19656821316131,5.17264184736928,5.98773090410487,4.93241918024896,5.67778485810294,3.46818182435303
1.85031304918164,3.45734123159105,3.36227544887591,5.09669155636302,7.48563814142533,4.91791455908237,5.38358875712054,4.24581767953151,6.75495878944087,3.20302267555485
1.69943436795158,4.58438636016885,3.4411705423219,5.10906640676812,7.24184323511764,5.06836928503276,2.85227901945809,4.88954766716217,6.64723830729681,3.48184481629387
3.62887191940711,4.94371430482947,3.58301569357732,4.91167506660471,7.38212236861214,5.19521380605824,2.58206326411051,4.92854091558662,6.04584299137914,3.49087519716384
1.79751079682806,4.78428565591929,3.46000882147607,5.14806171273628,7.22858941525706,5.11020195762273,2.89729507387171,5.03153676352197,6.09644471161012,3.53787946032684
2.81369458535686,3.93332526850293,3.40480222902474,4.74428129663199,7.43742717461574,4.94455673523788,4.20103532118818,4.92482843449349,6.18663304633922,3.57170260008881
1.87697194356427,1.77361396504894,3.29732410430554,4.76019078741445,7.46679323127329,4.79956635219789,4.25079713598027,3.58425319176699,7.25996992840945,2.98655035482462
2.51403754521127,3.68129783840286,3.5239515265472,4.23177713478335,7.74626341178946,4.93009659819504,3.54243306522438,4.45119556405525,6.67994161165361,3.32242911606717
2.52121734227665,4.05600871049554,3.52568564760378,4.81685608688156,7.53271951616856,5.02205838196877,4.2374490527107,3.89567358058856,7.82827712479942,3.05567484544891
2.83542715826887,3.65415978238144,3.38092941461023,5.56811640784636,7.1184738594775,5.09654719751043,5.2263420526116,4.04419012493355,7.40678484618973,3.07126953284498
1.85329867106881,3.26232335677526,3.37480545551222,5.52308430628085,7.13989608759334,5.06775933282069,5.16517768349761,4.04525306891335,7.27545482785627,3.10684340083131
2.2398508745544,3.20072719876183,3.44123386501761,4.8503308021625,7.52022333574929,4.87054906154742,2.45798671077037,4.09646167321806,7.23549786358345,3.07105879601942
2.57276333246106,3.95718107011297,3.45854655385127,4.92417835285534,7.46331545406807,4.92547699543651,2.5470640474458,4.21629183679221,7.29395507842056,3.12551301017558
2.18052482737868,3.71240580491575,3.47973897716945,4.93557822234055,7.48406133081065,4.9601525058751,2.54943533672307,4.45290205431603,6.09422452298524,3.20954109149097
1.69618334244253,2.82497874159673,3.29191314605298,5.92548624241321,6.85903965915368,5.14645838659149,4.06310317558134,3.88468710574601,7.76429540762483,3.17116861795723
2.53583824808236,5.49991440368809,3.48552512657143,4.47088050204287,7.68676503242005,4.88807562931097,2.11529464603464,4.8283289827745,6.15973046615779,3.54626651323544
1.89233620019548,3.22476762176122,3.32958928923917,6.00347809610473,6.83253984493984,5.23012438120134,4.15314560667236,4.16866439764328,6.6627123558553,3.28323790602316
2.9324794867761,2.97046719932414,3.64257376178925,5.7732705024573,7.03760768402777,5.51772771222901,5.13419398118967,5.62961396942778,6.38521628393367,3.55637424686033
4.50231973865358,3.31207232938592,3.73826943538161,5.96392627850988,6.98203723748262,5.76763303239127,5.34779148995642,5.55279998365091,6.47888419826815,3.1649046916546
2.49160926782849,2.49811639734997,3.53327299936317,5.27784157743434,7.34356480780512,5.17518395834013,4.46493732305776,6.08735282947708,5.19603897408933,3.72436926150559
3.01014588753965,4.98516409131168,3.64072876223799,4.82654746658673,7.50594403674391,5.1436652074569,4.01863328122528,5.22204175608137,5.93714487646267,3.45699715954393
2.05055740774492,2.40942124300742,3.33513105195571,5.72054021365773,7.01055464076809,5.0381112067961,5.24214663868513,3.78819792033661,7.90691139572428,2.87923458864963
3.03516264568082,3.82801452094084,3.59935163282471,5.09763927430694,7.39794242459967,5.18300988482053,4.446891329706,3.68458396233485,6.87155023995437,2.83211728949477
3.21678704528749,4.47308837022435,3.60237131568881,5.79267896103914,7.10462906577539,5.50027994613658,5.03766827480766,4.06290991566369,6.42171742417902,3.14357269731473
3.51736720791096,4.58371290387068,3.6208540238161,5.47257748882905,7.2846884748344,5.42626322995754,4.54662133069742,4.83750191752017,6.10716008755083,3.30908960712791
3.21678704528749,4.47308837022435,3.60237131568881,5.79267896103914,7.10462906577539,5.50027994613658,5.03766827480766,4.06290991566369,6.42171742417902,3.14357269731473
2.08545448510346,4.55723136089479,3.44841124483708,4.85438109667158,7.37448933917396,5.02542667255549,2.96406465330097,4.48171540210807,6.69811149068372,3.43708635917352
2.79148586521438,3.75241801740105,3.42604517946824,4.48072490130581,7.60945375903916,4.85283553058641,2.46589999654756,4.57794840326975,6.64753903113756,3.43867630463879
2.0252125408029,4.60342178200717,3.41112173490239,4.8786367064309,7.36201956348257,4.98043264548727,3.0065684212231,4.26356225802372,6.84611388286265,3.36894499691504
2.48006546948872,4.03084113831103,3.52069984270316,5.23087608902378,7.17947209143127,5.26458997785554,3.44090793759528,4.7261202367538,6.60870361217236,3.48549662446014
2.72494634518092,3.98884470127732,3.4215237278997,4.80010116408044,7.4229767470036,4.95958348124127,2.89331757169909,4.1589385934369,7.35094560161331,3.29239623272919
2.67229300058477,4.03561875898234,3.53165572591491,4.6069239711585,7.54031501551003,5.04658366312377,2.61920748337627,4.77297337942463,6.58576804797946,3.50268781634333
2.12853457791565,5.40370999102424,3.50155165257784,5.03042639391526,7.33203620085959,5.08742857035159,4.60004932584227,4.83391280562664,6.58468234378542,3.46360359655784
3.27788809759515,4.70766773445055,3.47602806441121,4.9728724544334,7.40174828373286,5.03419410864114,4.53530974352842,4.65971813928994,6.6960665698167,3.28979521869155
2.07523397879636,3.78888419633231,3.43571302906514,4.91721339374608,7.45498398895067,4.94779828918993,4.47707527283197,4.43098037146554,6.12067292981055,3.25567902981694
2.62610304860817,4.17767808559977,3.53370979122536,5.31050686944779,7.17704258082988,5.29844961666687,3.44443343160021,4.85009441520678,6.06745240813397,3.52972211685724
2.78170952477433,5.11449372555016,3.45745579856179,4.97040912164868,7.34257385200245,5.06333999686623,2.99960238724502,4.49297589478197,6.81563200941505,3.44541170918405
2.16604453671661,2.58104649280454,3.39337806640342,4.72554091005846,7.5409011168929,4.87639683530221,2.70107365285217,4.10072823704511,6.66618197928703,3.21495501976066
2.2468068954516,4.34449261124407,3.44870688682357,4.49069407108645,7.78418840706174,4.80212165363662,4.75376206806172,4.65575022703786,6.60996621191336,3.34592930880123
2.86718556122274,3.97156098045686,3.39399702522721,5.10997156024248,7.44824483985299,4.95043498544248,5.60343743056971,4.1684706324025,6.90530665782454,3.1611914963327
1.96645371019241,2.40834197614243,3.34128924876755,5.5791419964859,7.2083566662808,5.05073827480084,6.22776961146257,3.94466467107651,6.78230217403894,3.02118057833007
1.80972840584496,3.49649095294412,3.39757500112829,6.06733539888274,6.74381640239554,5.3958274018036,4.27428598342847,4.17349006429664,6.75325965507921,3.28395734797998
3.77656644812218,3.92170820165647,3.55381769424345,6.03427159010716,6.79889014793017,5.61978449140376,4.25014065028113,3.22971077254156,7.58743806833653,2.80452617914661
1.65259325622278,3.35284230726229,3.34189734751274,5.06957310235509,7.3283563852147,4.94415695207729,2.98207161855312,3.08906985448915,7.48611595682282,2.89395054310253
2.1426417476827,5.46298573146821,3.54167463183981,4.92000205055897,7.31230586974518,5.13416563361424,4.2180643965683,4.85207439596972,6.59079108746538,3.43227622857799
2.10420981917156,5.52435286882896,3.50863102278896,4.31682851648658,7.66299846700674,4.86628046931238,3.42032036643876,4.77971524929437,6.66699543194046,3.38061590018521
2.59079113968784,4.02666594025263,3.37959614110229,4.93427689063865,7.3321958036672,4.89628549274323,4.27345098401661,4.61665932387844,6.72457691611223,3.33894700665557
1.87268842055711,2.60221925351729,3.37830809759932,6.47694459894469,6.4839878397444,5.4727472828725,4.8742944396506,3.2322940752833,7.34170586800094,2.82078211247487
1.71282653435167,3.33719696956734,3.27569778252329,4.12431068570624,7.80100765804023,4.44922338848114,1.72441462705683,4.66202537233254,6.51776728772944,3.37983686887627
2.69435475216374,5.53520767723118,3.58621160592899,4.41833081334458,7.61587193200663,5.00473181809654,2.15263572821937,4.585657975205,6.82878828034666,3.36312966320159
2.32186756282233,5.12903686367329,3.5051348744059,5.7521824538666,7.09911060525992,5.3127974663038,4.75703381241,3.94255298034806,7.49891342120642,3.11700491596855
2.23157150147714,4.06451437359943,3.29213794784926,4.05369791799415,8.08827508169227,4.37029102425609,2.50070550950198,4.68764388799906,6.73258816121683,3.3683740748382
2.23154324814779,4.8151628456721,3.46291736915828,4.64754234894241,7.76512269619318,4.83907377262641,3.26858898655055,4.80728187441041,5.58801833570815,3.42636483325586
1.98391684230901,3.81150345273146,3.44870838005909,4.57377437595104,7.6283429673463,4.86039352174057,2.18527347183194,4.8182579948506,6.94729519471746,3.492989853578
3.43788005224441,3.30583310677116,3.48735001163159,5.92121517212446,6.90837052281353,5.41757878640171,4.0108698163155,4.45180817086628,6.75914428954237,3.25877035821207
1.86555738588594,3.51801289376521,3.40815356619291,5.51574042986184,7.11966833000707,5.15245556488814,3.46361888055175,4.26283055486173,6.6873679815057,3.26444154362277
2.83092676908941,4.86754379750673,3.64154296215214,5.08446914296658,7.49063603520022,5.25183403528627,0.973313934615753,5.13681843786355,6.53238429460888,3.58965420539476
1.7338375050657,0.999883008886804,3.30105210762305,4.80315629642371,7.7396384989182,4.68262252561556,0.582747240237226,4.20485287559167,6.96970296813666,2.95342446615818
3.61252673646949,3.62311291215043,3.57242840623238,4.8879856351088,7.6475964795697,5.07103799748297,0.723413388268168,4.93094190263139,5.97305340403341,3.51169901113213
1.95735212891278,3.35663470402649,3.38254322477098,4.69445088039191,7.47832002971484,4.87371778964919,5.65827319362628,4.95022730874359,6.05566125954391,3.45612106224995
4.54824863897593,3.94261301583976,3.72947812778248,3.94008703861076,7.97039350213251,5.08521824232459,4.7012842862527,5.22643452286972,5.08510485380994,3.48418943742857
2.11600903417888,3.59058510712146,3.4130879180822,4.77294181392266,7.43298203596067,4.94758841038433,5.77980289210931,4.20860220249931,6.76266887319973,3.18993709252179
2.9741580689851,3.71531587558103,3.50811037304236,5.36494601260998,7.70046857927314,5.22586402831869,3.43722937714718,4.58278763526348,6.65010790382313,3.37679436467812
1.95517933186475,3.55670165057941,3.41258969255392,4.92714598758675,7.95019676712532,4.93019867513962,2.84799522048276,4.33807091653279,6.61951022085343,3.28860507204734
2.51155323668059,4.16710706146931,3.42372802025427,4.98841328728139,7.90830497007262,4.97329862040557,2.92122576196812,4.43247354888289,6.6958930064993,3.30621395320882
0.811599729618371,2.45376166326324,3.15399873927004,4.69549406512447,8.07696747062208,4.45385755600646,2.69250900663627,4.03824247245798,6.5053990158977,3.16138285667253
1.904017328349,3.65287793206337,3.39212711261321,4.80582922702732,8.03001492488364,4.83751644045261,2.8598948812725,3.98419092025438,6.13609867784781,3.12231886168914
4.36891411639343,4.26670615840955,3.66956839533168,5.21361340407273,7.82082872706138,5.38106085505637,3.43362519218043,4.63513016388229,5.7210595773224,3.3062811541209
1.9712064244081,3.32668579441835,3.40014798554885,4.83552836573487,7.95233035844361,4.92510378052968,2.55150708990181,4.16446473093209,7.21404509323587,3.25421113494267
2.06928285328457,3.52658509016878,3.41898584958087,4.87452491345823,7.93907653858303,4.96693677783461,2.59652314431543,4.30645382729189,6.66325563715303,3.31024577897563
2.9024815659091,4.04787730687608,3.43285784342263,4.93209187316077,7.90326825912344,5.00802802142806,2.67798118758081,4.29703156462578,6.79383666896699,3.30839143016038
0.241206653510689,1.64696428823637,3.04495896282963,5.79575557000913,7.53609666085601,4.6864600824249,6.1776762358035,4.17347260588299,6.7998149098979,3.06008646881085
1.93027718077861,3.6104647579659,3.41736518040167,5.71306099203724,7.58724958074592,5.19266062333113,6.05608888973368,4.31603134160978,6.21049116538175,3.11999454549967
4.01185613792046,3.95801262540118,3.61689632121731,5.33381280022344,7.81411608515489,5.33820929867261,5.55407486647139,5.0970536747115,6.12808629630962,3.32933519849263
2.50776693114326,3.95065291777424,3.47611178411085,4.9093914998474,7.86374008352524,5.07217931976323,4.43208995323107,3.6229273607386,6.86986436496607,3.00312777257919
2.34911002587716,3.71670251467926,3.44556709079963,4.83089554341507,7.90908096655253,4.99830682615797,4.31055362499194,4.36455246698289,6.16285675131026,3.26930816636523
2.71879760531901,4.22490520960099,3.44481470835301,4.86330067837066,7.86906408556985,5.00974016397995,4.35710953077151,4.29571460452343,6.79678319483132,3.25684310074625
1.99951237783191,4.5880115237024,3.44010626181898,4.88951801637364,7.827274835991,5.01268727224715,6.02786603851783,4.42693145295923,6.72773694309311,3.27544335911439
2.01781456221648,3.62958133642767,3.41620553077256,4.79947185636488,7.90402020636324,4.94296844647599,5.92226239099749,4.24542881288982,6.70705315866517,3.17093092922454
2.75336518097193,4.42348879568151,3.34080127047902,5.09764569228541,7.72677547154838,4.94613850773626,6.32745049280959,3.82598371546962,7.01716526979519,3.04355859969799
2.45729424255001,2.52059636934339,3.39582336934337,4.15083422710577,8.36657442374383,4.63815335635276,4.90234951038944,4.03919782607958,6.70138915474239,3.04004475441131
2.3928061639183,2.45988359701375,3.38445258652664,4.77115794085018,8.01056259502748,4.85319127094057,5.72334686717761,3.95611223798606,6.74416572374579,3.00964884679637
2.47786621226167,2.35839538174181,3.37691200158538,4.76043415244519,8.02253454332659,4.84237131803125,5.70340658799548,3.98258910270119,6.73498938945968,2.98252925731537
1.67278363147831,3.91840196093429,3.30788243185824,5.25864581657049,7.63448407670184,4.96481673851653,3.48192071786349,4.24999487299468,6.81174114460441,3.31838209936875
2.71634030463911,4.24908401279893,3.53423097279486,5.32206138953922,7.62735874280652,5.31376501835076,3.62091599397194,3.16705802271793,7.65970894745089,2.86579535240825
2.76555550976155,4.85344444377266,3.50279048575261,5.23103926267944,7.64205495076327,5.23890929738739,3.38335850063866,5.05804412596146,5.97775435940495,3.6305681393386
1.70799390857807,3.82316664621933,3.22477024991771,4.67116550564192,8.03064540844067,4.55180171346861,4.20665679857019,3.20870254971468,8.10146411798426,2.86509897590072
1.76093709138611,2.18681844308458,3.35040722546976,4.67482212883783,8.07229573485446,4.73438474086768,4.18203359336481,4.70005042022156,6.48250396888536,3.29186216276933
0.807031327838914,1.37665186553764,3.0472505585205,4.94818791395437,7.90748858640787,4.39912188731372,4.56656544547946,4.01533315634946,7.31843133988552,3.06885331101736
1.48873705435415,2.77309872668,3.32837715913734,4.54462529006901,8.02506231391592,4.73404590980653,3.9735972589312,5.49354274352686,6.36278655780413,3.67062954546305
2.0022037226393,3.64077870169806,3.42714268894596,4.77960781487,7.9078729081402,4.96545689162689,4.30671234650049,4.29427072375789,6.67521873334623,3.25033089407268
4.14419635784815,3.8694148969517,3.61717434750311,4.10995492811406,8.32976149068881,4.98215123680237,3.46350456560914,4.61287384792225,6.28118683793194,3.30815128648863
0.738287675658675,3.50666752114328,3.15191475885233,5.33473096305036,7.55327342762128,4.79000500190958,4.89109867309392,3.00050049825361,8.04834829170426,2.83723338102387
1.80165012758157,3.37853810968249,3.36829296034515,3.43706471299055,8.66274335725757,4.39079702844964,2.36302491119119,4.85032908644206,6.5857201919221,3.4552051924972
3.32323844507991,4.9301438434068,3.53957734166194,4.73033102753712,7.92223366463352,5.11824049341659,4.07781333902881,4.69992762665558,6.30796984399486,3.42886290572829
2.63590128630593,6.34030580149896,3.56137571352224,5.18940445679462,7.6344999642858,5.36427900857634,4.63488903791744,3.40554809486817,7.08658612248309,3.08104308013685
1.14063336771155,2.77092078913191,3.21955282064141,5.83577010471708,7.27574616400252,5.10804868860546,5.48589391606028,4.91108497896077,6.76221498128906,3.54195142997761
1.8005264273028,2.41771226492069,3.21014723624759,5.80872913650857,7.30944196926178,5.08387468371092,5.46279448194164,4.77451721842334,6.84233626625824,3.45540232005321
2.37618536586597,5.87843640524197,3.49403282438711,5.12874588222133,7.23240261957311,5.19316239181896,6.16315764875536,3.9482068125853,6.97719316896678,3.19932667425932
2.57864284517399,2.65076373203074,3.32516870943674,5.07257133256799,7.35307121310991,4.93333204675583,6.13614954120264,3.55936280291595,7.04977008638087,2.83189110785334
1.89981835310077,1.54454028406179,3.28810410685387,4.53283221172275,7.65524126954082,4.66792941746396,5.39012921798954,3.92722102957174,6.60153403712143,3.06100428257738
2.07118432202101,2.56058781837422,3.37666402486607,5.31232887887867,7.61873844649464,5.11976759708866,6.39374587483641,3.94789590147373,6.77473754896989,3.0698403588401
2.24510966873249,3.52378591498387,3.4115210542464,4.77842416277735,7.90283600020116,4.9714797834131,5.67764906813774,4.17624633511205,6.77249126640181,3.19153810913845
2.82586906104408,5.13816486542574,3.4536862134516,4.93683300676488,7.77705406708586,5.09214978250061,5.87573076115852,4.38943604746949,6.89858481237294,3.32756842246434
3.41749699668929,6.17907372144501,3.76474711758067,4.26445115385037,8.33247878624209,5.16891563426919,1.88629110156288,3.69025057488033,7.44143015767627,3.02058315541414
3.41749699668929,6.17907372144501,3.76474711758067,4.26445115385037,8.33247878624209,5.16891563426919,1.88629110156288,3.69025057488033,7.44143015767627,3.02058315541414
4.45878772705191,4.98732992044108,3.70957875135565,5.7402295918665,7.51573678148481,5.63284116565017,3.85634389886646,3.3661794961254,7.61065523206111,2.88395483948891
2.34446495464896,2.29809447598714,3.38723842491481,4.15620329603595,8.4135601594195,4.58011162283366,1.99209444534637,3.98799987561495,7.15256397617457,3.08924521829204
2.27997687601726,2.2373817036575,3.37586764209808,4.77653079092674,8.05754544143003,4.79515141029158,2.81309843189065,3.90491428752143,7.19534468478182,3.05884573473499
1.84402318265592,4.4893659174345,3.32750148410328,5.19678693699443,7.76070253262376,4.89409316836463,3.32859637110959,3.99828209866154,7.34512870653235,3.15368368822401
1.96198014228692,4.57126697313048,3.44675926141938,4.90977344319129,7.8278368192531,5.04163118538577,5.64748491208823,4.43382649890399,6.74777748644987,3.27705147417502
1.96198014228692,4.57126697313048,3.44675926141938,4.90977344319129,7.8278368192531,5.04163118538577,5.64748491208823,4.43382649890399,6.74777748644987,3.27705147417502
3.21802463017066,3.98910007939487,3.43904970587328,4.8699717634289,7.8796817210945,5.00802772483182,5.63084969741098,4.10286570796935,6.93170577243152,3.13803078824338
1.96743136450742,4.60743853846549,3.41274940092734,4.71624103243262,8.251795853039,4.81290656765747,3.15576422170509,4.70137168499609,6.11459793264007,3.4361717066956
3.24482309654983,4.04805547273266,3.40860411413599,4.67998955626308,8.30006888377548,4.78323173342355,3.14875607391344,4.33904998906828,6.31304245516883,3.30410437413495
1.66161506373002,4.59191607262794,3.35559598050618,5.35557641134386,7.88741776726533,4.97610396354051,3.99592805091594,4.5147538096418,6.24925629203791,3.33344760211919
1.4445722923547,2.65786415984065,3.27033909803825,4.91257066030397,7.87124162569594,4.79536523361343,2.83996013857856,3.51141579376127,7.87970662948941,3.04257928463313
1.98742106726253,3.35677833769078,3.39814045950834,4.78716674594012,7.94014420147517,4.93266127461912,2.6567085907543,4.16236491994705,7.21751256530115,3.28323343539691
2.91462369543196,5.05158358691431,3.45712723654534,4.97614154146949,7.8119538389681,5.08792189278208,2.89519872987074,4.45553337363897,6.82766267903063,3.44656402495104
2.26871480729339,4.87153416024679,3.47656129077246,5.07032854392584,7.84757459493701,5.08385747554122,3.06350015462688,4.76726753942695,5.55864963230677,3.49458132133112
2.29623315922831,1.98727844391656,3.35216530738428,4.72338361462263,8.06854958237701,4.76818935467258,2.67011859437996,3.72761839079445,7.77996982382839,3.02180603375686
2.47986290065097,5.11529959948733,3.44687573978453,5.05368094870177,7.83093121334797,5.04233327588102,3.03777461783025,4.64527192880245,6.70226508315449,3.40636768572226
2.04258803720388,4.12180364933354,3.39855878093094,5.10889756665303,7.92367910268272,4.93106018031787,2.77345133288251,4.30543734452537,7.22945639372395,3.29374410682734
2.14760167738195,2.66068672927967,3.3888479465071,5.01042928559428,8.04583995733151,4.87825879639948,2.65299619611981,4.26264715080843,6.06665099188346,3.20999912232
2.81646070265267,5.15477447219474,3.45093630204668,5.25170692363205,7.85171562031127,5.06175267065393,2.94635137234449,4.65245636377957,6.21876822454354,3.43037205348362
1.91284592596914,3.81113579907756,3.40515003623832,4.03799838979946,8.50529937702173,4.56928703633591,4.19465659063252,4.90800067170799,6.06061669550127,3.35848148068322
1.91284592596914,3.81113579907756,3.40515003623832,4.03799838979946,8.50529937702173,4.56928703633591,4.19465659063252,4.90800067170799,6.06061669550127,3.35848148068322
3.27637120588527,5.16616646828144,3.46727903178886,5.21996577419789,7.82935539556718,5.10402283168398,5.73922976010775,4.6611977451089,5.79275824046173,3.28744302900093
1.63972159909456,3.76633079424161,3.31079187524319,5.02611172217465,7.77948281070648,4.9219405576154,2.87724486368337,3.80015603569384,7.38258671367414,3.21568505782343
1.51198214663022,3.82226594589994,3.31120677484817,5.02973888454031,7.77465562809773,4.92490895775936,2.877958283378,3.8363875802942,7.36274156925979,3.22889334949729
2.77807930994341,5.11740939596517,3.45626586746354,4.96848989041684,7.79994000245863,5.10953938105917,2.78488576039747,4.48802485117961,6.82337478133845,3.48669691938522
2.84162784652743,5.54787585363652,3.54876329854615,5.19523305005384,7.73559403796694,5.23855807506179,3.31770088759192,4.59333380422293,6.3255679599913,3.42973245407438
1.72389848664425,3.62994391717515,3.37459411144615,5.5206139872892,7.56697367424303,5.11151868721333,3.74442975472198,4.07364808675014,6.7898496685798,3.20174441311356
2.63913955032072,4.12020542148608,3.4300002975809,4.9265012163023,7.90679465415466,4.97471261765173,2.94313253950587,4.42817476722205,6.700630260511,3.28451961230669
3.25516173446764,5.69464953424844,3.67624592960492,4.69559300100293,7.99911294590651,5.24745557890533,3.98251641259445,3.88233890681066,7.57061963112757,3.06376840200631
3.01854372844496,5.45162374113376,3.62271336797571,5.65831310740448,7.45539693462804,5.53040396566656,5.23802221827188,3.92716068597393,7.09291599829827,3.09881586489498
2.50835260094863,4.24225237886559,3.44195217792882,5.67486325336346,7.46534480923609,5.288259323037,5.24025967301609,4.11538125874936,7.01065362236368,3.04959170145805
2.45019215268228,4.19934586755182,3.54084256387611,5.40736864508418,7.65484613028794,5.28108345527359,4.86068301275476,4.86362847177394,6.03746784734092,3.3886420449503
2.70020677918858,4.83190523815697,3.60770151958621,5.1637231815109,7.78100232267021,5.28772544304899,4.49337369940645,5.61994761556655,5.23859271739039,3.69886373535652
3.74693771034512,4.32909468158122,3.55955510688457,5.14824780562386,7.81912893934315,5.20817000810016,4.51033229796806,5.13841988021682,5.53617165139026,3.49794717805248
2.86558417637903,5.07033926489502,3.62190268128608,6.38208405102368,7.29736733873614,5.71940740971703,3.89111049112901,2.79135939006508,8.74920562829892,2.74658269950595
2.61123063076418,4.40367622832699,3.55561667336219,7.0,6.95250583901896,5.85542208539812,4.67190446914094,3.08709412785434,8.13088428774169,2.87637042788387
4.09972725258325,5.25935157949569,3.61790563896243,6.13127322554934,7.47820456165968,5.61488944281736,3.61001428795005,2.2735334956207,8.5986735883133,2.53967191728497
1.95829815998976,3.59677105473067,3.41467853535823,4.8522958893434,7.91821980189137,4.97051456199676,4.10796037959474,4.29609489844728,6.68738926717736,3.26407670439588
2.59699128843179,3.31707587376627,3.41260528269979,4.83416763980784,7.94235776189617,4.95567500815738,4.10445815195276,4.1149371754455,6.78660671004137,3.19804239791079
2.26108075767304,4.15208652257692,3.37301823634856,4.83126960318952,7.9050664293799,4.91107339987248,4.06402636249597,3.64361515161562,7.87036768064866,3.02208115806769
1.46738624367758,0.204409307130857,3.20335547460767,4.26958040514461,8.2872822407535,4.46091636744279,3.19207256619672,6.52669470995869,4.98200133186424,3.9975614314719
3.28462781945241,3.09621581003651,3.62658305455818,6.71654270007938,6.87125393122886,5.98642786606301,6.45572070650961,4.99879111235166,6.12271040251483,3.47826516704507
2.91964181378096,3.80623523937453,3.50499569721208,6.0119084657002,7.26921917923598,5.55029256231065,5.53260033576965,5.0870614151869,5.76611922675519,3.53548250567224
2.1643311511598,4.06578806315647,3.39187659250089,5.09931009064447,7.91329278080508,4.94268432646667,4.11672549305943,4.22136994662947,7.30912437724346,3.23288609620023
2.13466812757194,4.32163222190162,3.41112935613789,5.14192877783191,7.89521466760888,4.98748385104544,4.16243801514777,4.39958968676729,6.73848977674628,3.30212545596494
2.22166149275228,0.618116297138377,3.27216985080776,4.73446745920768,8.18921957884601,4.63346100044142,3.68282297863344,3.40404267373611,8.34963499828937,2.76232551581267
2.17561302814713,3.79727536813438,3.44607796205262,4.8508658652905,7.92001021155279,4.97177889401582,3.15176102538453,4.45931433909358,6.06792226410674,3.33753988299416
2.17561302814713,3.79727536813438,3.44607796205262,4.8508658652905,7.92001021155279,4.97177889401582,3.15176102538453,4.45931433909358,6.06792226410674,3.33753988299416
3.376881929767,5.05954814098305,3.525334512909,5.07229201904695,7.77068733585145,5.16696149246741,3.47681456463669,4.32968561107876,6.93643220701755,3.29478755902942
1.10109667762788,3.76334601557103,3.18671072279121,4.50271916407638,8.0858200679603,4.48140458331865,2.50737201411295,4.99854578179074,6.03817535202236,3.60851651327559
2.00039102766506,2.87499552341725,3.35894988583266,5.05742076595899,7.81267920630833,4.93384082753471,3.31676189709552,3.50903785691552,7.45901989833025,2.96499265625201
2.0408668613609,3.77138753026248,3.33398384450774,4.65306382940841,7.99658872400262,4.75035645828533,2.69110054117455,5.07974850916712,6.43054152767221,3.6117019301995
2.55477586496328,5.16303846872368,3.45714822588335,5.14208131022689,7.83631931586155,5.03046924965829,3.11180316358067,4.5190812110752,6.74574653566496,3.39418343395393
2.62051971408756,5.76947853941135,3.51873216865665,4.64649437956633,8.12408394226514,4.93707195638811,2.45875112479471,4.07499387848495,6.819493695802,3.2408430232793
2.54800642228105,4.94048233474151,3.50896102842032,5.35537723783405,7.74406538728401,5.19424991415937,3.44978923208661,2.76980693946037,8.30084178599189,2.65155782187252
2.30872084660199,2.48352106059545,3.39327137479899,4.78558664717153,8.03060431229881,4.85954780444054,2.78177947083469,4.06589390967105,6.64880984121949,3.15628994213067
2.27212474559221,4.40037172380852,3.441073252014,4.96567394428747,7.87711254807379,4.99898358311274,2.99298013611926,4.42888668996136,6.69019254407299,3.36530663490311
2.54472145930052,5.18858480647849,3.45918682170636,5.04192321188824,7.81719751883937,5.05604850604459,3.08400972823825,4.56161518322322,6.74114107340136,3.42752554245251
1.60469608233348,1.7195378109702,3.28042406176741,5.94007777210354,7.33183868237065,5.19928095245079,4.03795172391019,3.40767022815168,6.98560267733195,2.9589450640967
1.96660695968954,2.58061033480915,3.35215570147745,5.37828401922046,7.63323217089676,5.09301689282938,3.27863109983865,3.81793601134973,6.85520464419616,3.13558074133131
2.76019187401285,5.08922042894148,3.46290434976845,4.97498859841128,7.80758654901116,5.10646875243436,2.70849178110914,4.50898395649875,6.81653877607007,3.45449451831046
2.01282054210978,2.18154109062689,3.35319781518425,4.63333734397276,8.01284458373387,4.8001205446942,5.56932392516243,3.72798688882175,7.82937583739617,2.94806061449837
2.11089697098626,2.38144038637733,3.37203567921626,4.67233264994092,7.99959076387329,4.84195321728417,5.61435030183984,3.86997598518154,7.27858638131334,3.00409525853133
2.72860802453902,5.01228887364477,3.4389171476735,4.94022589511063,7.80408803532857,5.05306105873714,5.91459024168103,4.54531136163926,6.81194587968408,3.25928016780371
2.45929878838308,4.36755945885536,3.48297078693716,4.34683598787335,8.24379932781946,4.82103863377427,3.56250059447304,4.66161562422182,6.55711363157055,3.37998501960805
2.29354490265965,3.90628552651729,3.44891487529115,4.98661532979117,7.91590500159898,5.01096681513541,4.4118466976157,4.53532088299677,5.58593411013368,3.31541633490679
2.77388304070116,5.03076958418772,3.44764564830736,5.05808425435621,7.82681280819782,5.03911517986377,4.50475921380613,4.47533016608665,6.81168835225794,3.31573444737124
3.68170048026852,4.11400862323181,3.57138508149685,5.66672331379427,6.45424678648516,5.47610659547313,5.63404877303159,4.66187121260044,6.86521231086784,3.3873471551769
2.30083275311645,4.14599580768474,3.48067131980826,5.24334617541293,6.68591950844512,5.19326989687588,5.05653771603307,4.49449447260191,6.78959407360918,3.34573481052917
1.41128124461672,3.14794173975704,3.26274188788103,5.57213959317537,6.52161743194593,5.00233875902957,5.51304564622512,3.47657441294994,7.01239915021616,2.97650294895176
2.89242741408604,5.0284237392779,3.46428821562159,4.99949310762854,6.88902271511731,5.01987373129842,4.37706397586752,4.43243039182076,6.86756587850748,3.28314194979422
1.94143588983085,2.83159295554904,3.37320681545041,5.44904064264761,6.69176015192485,5.05419199400123,4.99363586613612,3.95584088215651,6.31574650452517,3.04667811978622
1.84335946095437,2.6316936597986,3.3543689514184,5.41004533667945,6.70501397178542,5.01235932141126,4.94860948945871,3.81385178579671,6.86653596060801,2.99064347575326
2.57488802861213,5.07050472028622,3.43638957158156,5.04357690981102,6.8899372927051,5.01279427905208,4.43687630430773,4.5588143521727,6.81033127678921,3.33664393955098
2.33193224001375,2.45415245953298,3.3801846664553,4.79851695010677,7.09140334809539,4.82824940700117,4.16065564729793,3.99760119526268,6.74676681646875,3.09056458305712
2.31487900968473,3.95829535277381,3.45429612040723,5.01330491610097,6.94640788613727,5.01960754938541,4.43421124257658,3.65192466472405,6.88398810644171,3.01133482318272
2.63724788368537,5.15217851027252,3.45856479152791,4.94320918911479,6.86671297101947,5.03437247760749,4.52966996108815,4.52060856486119,6.83327627421982,3.34759535632503
2.66858286076903,5.54679275978133,3.53757984943911,4.35552254479636,7.201572642827,4.92387286689145,3.74143838227013,4.94223551739285,6.09554564657279,3.54945080028985
2.11746594599964,2.62492243616955,3.39962458661256,4.70184956940264,7.06209942157031,4.85183488079922,4.24522180229832,4.06321315222078,6.71551078572045,3.12097335833322
2.81616079648518,4.94327918671326,3.44884721847656,4.98071252336017,6.91302633954279,4.99353771457904,3.08503380639136,4.59452279189021,6.76379113504715,3.33390735340311
2.10491699311238,2.59623272268374,3.40142554833665,4.75725405801153,7.0880378753272,4.82871502128431,2.83086641336389,4.11552650324379,6.64987171537361,3.15456530952762
1.90876413535943,2.19643413118286,3.36374982027262,4.67926344607521,7.11453768954104,4.74504902667446,2.74082398227287,3.83154921134652,7.75145476714314,3.04249602146169
2.94178553568266,4.92559852098466,3.43761978307786,4.90895270533311,6.88347781307392,5.03009768641782,4.42113639523152,4.51350204529635,6.85578002857879,3.32832970752536
1.84277969586041,2.26266590427814,3.35314390403709,4.61294186014585,7.07774787741879,4.78606114936655,4.07797274124934,3.80487935702649,7.81367319545483,3.05673374883208
2.05722512895991,1.70402701230833,3.36691809765131,4.60089257673019,7.12799054430407,4.80000843993055,4.06240783231234,3.9073602587786,6.69140086206048,3.06429290254073
2.46536812791265,4.95680832373814,3.41563306977452,5.15101997934333,6.92507250191146,5.00826292823369,2.72954797046875,4.66390948924947,6.75689927567159,3.4072891802069
2.00960736334822,2.49788184505559,3.36738201554681,4.92031097040973,7.1097394263939,4.83750498280621,2.47397069007191,4.11245101222467,6.6826660052229,3.2015377048679
2.22848055822909,4.30284519741966,3.41435287502632,5.09314896569593,6.96589913811326,4.97100375820085,2.68377179025091,4.40298070331427,6.76373899690507,3.38414139023473
2.44635303964217,5.14219389563775,3.43887428821049,5.02502916926903,6.88883630576969,5.02267040840329,3.0358821991074,4.63939504425637,6.75018868608172,3.43985591506875
2.28556502778086,1.53944387178062,3.35856120223532,4.68811700272555,7.16945894530375,4.76692548217189,2.6537111293641,3.87856614952772,6.67586026494205,3.08265934264335
2.28556502778086,1.53944387178062,3.35856120223532,4.68811700272555,7.16945894530375,4.76692548217189,2.6537111293641,3.87856614952772,6.67586026494205,3.08265934264335
2.63670360188481,4.90075979943637,3.42555586849973,5.22628254851142,6.93570495977505,4.98230713427601,4.16748213643804,4.52120711574897,6.82955545617421,3.26450369098219
2.03778799691942,4.34110091132286,3.41818682230556,5.17037776389688,6.97160686992454,4.94461541431991,4.10421141227995,4.41356917600344,6.75775808907295,3.26045754029856
2.07439370696723,2.42424783296936,3.37038616361608,4.99028922502574,7.12510254690321,4.80518138679252,3.89301074699538,4.05057014578887,6.71638088341633,3.05143855199353
2.8133661524356,4.96736798757637,3.44538511119913,4.94002943203467,6.89905017348395,5.01604336955242,3.03785179880496,4.59467126692332,6.77912954896599,3.37805329558695
1.9059749664682,2.22053022824195,3.36028851639858,4.6385803547497,7.1005615234822,4.76755643279265,2.69363165242267,3.83169768637963,7.76679318106198,3.08664553958764
2.26167910580598,4.93697077826081,3.48344104633827,4.97465135924868,6.89406621807586,5.07432244953974,3.08491717988928,4.76264595128681,5.60500978037642,3.51979723254984
2.82785725620545,4.82393462044064,3.53631018125292,4.6265050913959,6.99992729469156,5.08610295911224,4.17441254950579,4.96126233091011,6.6518138074405,3.50058270463548
2.05464644031032,4.37418729424679,3.38630047973065,4.79761219232905,6.89461104662272,4.92545279685696,4.44004842361644,4.03920543038738,7.48036293237987,3.24602994651733
2.00846054606317,3.35504433464242,3.35102896586749,5.32789352721108,6.61534169900549,5.07077375854372,5.15544876264038,3.7746234521487,7.50245021975845,3.11112390454511
3.04610464482414,0.525006857610658,3.36323206759505,4.1505510808113,7.46878777834196,4.50835230309589,0.678112457367612,6.11833534836957,5.61316219285682,3.83923575242474
2.6918273953284,4.29775822725078,3.58979340748964,4.73987969728892,7.09241013921006,5.06769498170914,1.50015552122045,3.54521087094111,7.40757131953261,2.96754225776002
2.01870941108588,4.40157761845304,3.45567594738196,5.05166289017413,6.89637031042416,4.99564466820632,1.81598289155376,4.33879337280646,6.11000827879175,3.36724592313316
1.97678591905157,4.47664185766994,3.3712461082696,5.48238221319092,6.52401431585316,5.16860095591518,6.77193439945913,4.12909899833243,6.98118317187542,3.20886730631878
2.19216189535591,3.32245993401328,3.3838798101994,4.71223466853032,6.98017463813899,4.89189137252593,5.77634396462765,4.00790513934292,7.36937236585893,3.14756766028687
2.82545072074204,5.25793249452118,3.49772689217704,4.27404917242803,7.19881124556621,4.89272710685261,5.16660350210985,4.68731176669636,6.73863912628821,3.46493503819617
2.19751663368321,3.72674815510459,3.33371210544003,5.24507512182479,7.0456075299264,4.84548592700653,4.00646890522992,4.33292276706176,7.291847911041,3.15915329432385
2.66110799530462,3.30107525610563,3.45502182607722,4.58729439238729,7.45295420027563,4.75942376656476,3.14296035137594,4.78477446248761,5.90793605476718,3.38173461597915
2.14604111371589,4.84425762367452,3.3832320851617,6.07962436880496,6.58578563436859,5.21680488547853,5.11022543213024,4.53832557056184,5.2970685903408,3.37271329871535
2.29466682487774,0.303528168804822,3.19089195319649,6.85927640450977,6.0,5.28131814302909,6.80984562364359,4.61854194987695,7.31969435436024,3.14275536453362
2.19977822900691,4.26391239932874,3.47164522010853,5.5210280604387,6.71844515590759,5.18597284783267,5.00271055014502,4.67160768329487,6.20405635777329,3.36347672162898
1.75074202422959,3.28963501794255,3.36154414335151,4.91972575135444,7.06820296495256,4.80179015268805,4.20020459556911,5.0272837001843,5.98831034913078,3.47433679920245
3.35593177128282,4.79883275974728,3.480033151195,4.51718553883865,7.29765666500322,4.82042393555946,3.45609104663423,4.58583080808536,6.76010040023902,3.36635563559246
1.55177432300342,2.38866453079956,3.30071144815476,5.54427645014855,6.7426783415599,4.94906624256233,4.83931064586755,3.70030520699396,7.40676000140867,2.96515203761066
1.40263451165443,4.92339269076872,3.33053137910551,5.36958914365607,6.7903533825323,4.93157126491646,4.56518113367059,4.14283063154075,6.85850918153773,3.23543013212631
2.82619346566561,3.56030489797106,3.49201556296317,5.17912816983408,6.75458437135877,5.18954209328221,3.3087809504446,4.5004408774773,7.23144416159925,3.36013076951679
1.94796642766303,3.64713332099711,3.42245843184302,4.78741883506314,6.98391397366001,4.94356096545847,2.78380002994509,4.33500394496859,6.67907850124716,3.34188741872612
2.69734313802193,4.44730116816268,3.46702869439,3.61868553690113,7.64333310999839,4.56836428648933,1.2438897842272,4.50150753837475,6.71343344532223,3.44115634223771
3.83142274729125,6.1620725081418,3.74783183332579,4.84807583151131,7.02268706407793,5.38287543901129,2.38204516796196,3.43523086390294,7.20142433284477,2.92721309836913
3.54052384919837,6.33228961274656,3.75361899467986,4.8618727239193,7.00585281018646,5.39552966656555,2.3966295456271,3.48400501071049,7.17115958794435,2.96950662070958
3.22320456350783,5.86439122169702,3.69252838953189,4.70488205280983,7.09653848899469,5.24778292821022,2.15354656688504,4.96725432237674,5.75714436063272,3.50187098422379
3.51015102512442,3.7377454302975,3.49381605794603,4.95431478071747,6.92764045114003,5.1280524682134,4.1300690393213,4.0874885777272,7.50696118900026,3.209015365005
1.89678583716228,3.60475489168665,3.39983300762257,4.85388688195137,6.97806158184973,4.96239754624328,3.94846348166935,4.29194400874818,6.74786083589617,3.31651510965974
1.3875830276231,3.21232770461869,3.30220464201074,5.38460334717547,6.66334358496745,5.01970466771159,4.64611532115774,4.62657908097942,6.76257513749814,3.44133060080374
2.51305809690421,5.20037826583437,3.45144027571833,5.0124996822162,6.88185549301163,5.01735553108222,3.20245135958937,4.57498652232997,6.76656750160223,3.43351383748654
2.4052681023949,3.89669442404716,3.44968451071857,4.92837732902652,6.98722010602567,4.97834062734699,3.10262264741973,4.54195635760018,5.59309193204047,3.39009545372454
2.57919758298606,4.85989252065681,3.4845415400989,4.3944726129252,7.27131374697853,4.83005281367143,2.38652584072106,4.7703067912385,5.59084978907624,3.511796779965
2.79170880830101,5.13493923197693,3.45673460212772,4.92138580509791,6.8617974863964,5.03694728448788,4.59805947983471,4.45887408549126,6.86139533658269,3.36101588756814
2.18671950926246,2.61288391323269,3.39443879678565,4.67829207442652,7.05833881573439,4.85196843608387,4.30434427888466,4.05094642566897,6.71920342472822,3.13403587483024
2.150119274373,4.52973457644576,3.44224067400065,4.85838061329766,6.90484705150937,4.99140421475607,4.51554494416922,4.41394545588354,6.76058063038484,3.34305486313526
1.74514027874882,1.82785566482034,3.22731649712118,5.79740001045523,6.37198628189219,5.06768142607205,5.76088279288981,3.09515704979425,8.73796930050313,2.74798496564274
1.94146512943656,3.37560835333197,3.35242616565969,5.34048894307295,6.61568797192609,5.07117489002784,5.13254828042976,3.79079638691081,7.49457455855392,3.1107373312692
1.92316707893167,4.33403854060669,3.37632689670612,5.43053634483691,6.53894260155385,5.140893715799,5.2381519279501,3.97229902698022,7.51526248258571,3.21524618521695
2.77694135930317,5.1352999337143,3.45733029929171,4.91811212131042,6.85802692755132,5.05355628287268,4.45209608548296,4.46123085350335,6.8731567565451,3.37583284015897
2.46759967914335,5.64700224943085,3.53382035938953,4.3359419096177,7.18439000220163,4.94655242383846,3.65600735187408,5.00478774723151,6.07130941671428,3.60374685272542
2.09217368189304,1.45491513194489,3.35229589887119,4.54598194756369,7.14456847060266,4.7570274842627,4.00776781235506,3.72981680635378,7.26106501914865,2.98831162497294
2.78388632799718,5.02519153959704,3.48650502644306,4.91691572947581,6.88454757549634,5.08602946944702,4.34029047250119,4.74286867610325,6.69478501029628,3.41811662121307
2.6919759593807,3.96480733191641,3.51669288487393,5.6494708731357,6.51527614589096,5.39354080225555,5.38520125302429,3.42937558797184,7.09589636969649,2.92470141491941
2.22520421501121,2.56691212974964,3.39383877694438,4.7033669460174,7.06388948997776,4.86242626890091,4.1079797782752,4.03596546430959,6.73953265332606,3.13030533392424
3.01074864491083,2.60528459159205,3.46116573321247,5.55991896938641,6.63243080430701,5.23488024691625,5.30954712919779,5.37057146707328,6.53318352734477,3.4335235406506
2.73624682550328,3.61767993850793,3.55291079722526,5.10723097349221,6.87230474824104,5.18476223757875,4.73627315916025,4.8205811239021,6.64363052742933,3.38866735937465
2.86398627796762,3.56173507551322,3.55249631274243,5.10360759227293,6.87712904157667,5.18179538558996,4.73557669148552,4.78434957930175,6.66347567184368,3.37545906770079
2.03161928189659,4.13142681478566,3.28564198118065,5.0036399000316,6.85379365482247,4.81143571645721,4.59937307794543,4.61235755552998,6.78718287645425,3.3674264671891
2.10000947089785,4.2767705170932,3.4175756978622,4.86001954003014,6.92892126787547,4.9415992853874,4.42903832934693,4.253936092515,7.32091797531285,3.27520877193385
1.95697971869363,3.23510838072876,3.38662237008331,4.11427649977289,7.37010408073535,4.61797639971231,3.45810741603574,4.04976773870392,7.78839643635313,3.15827176877452
3.25845035942961,5.65651182532238,3.59085755002707,4.79617641612862,6.8972243645494,5.25814400730452,4.14817953618827,2.86526703454915,8.17160200516099,2.87171148647208
2.73760237953395,4.08342864279679,3.51910370584726,5.84152971551063,6.32629309332834,5.53871213042359,5.51827394752281,4.66776401675668,6.2317874442538,3.47107549084148
1.53689956867695,4.46119250435319,3.29713324115671,3.37806280192701,7.73502048419611,4.30243787503319,2.25093830826086,5.33340208602556,5.09631625642122,3.75422445380298
2.6986720605124,1.83834542468166,3.33478073336302,5.31082265787082,6.82113857562114,4.95078524866407,3.37670779191357,4.58349310412353,6.11012011051215,3.31772252352169
2.13357165511342,2.45348893534936,3.37493926427393,5.41816562934213,6.73969067356306,5.05031472671801,3.5216799972207,3.99655510609015,6.72707697878932,3.14469116935011
1.78002045518794,2.36546965425196,3.35693078432972,5.38641962520372,6.74328519197195,5.01441730626079,3.47806350791266,3.92702909893106,7.23818028564732,3.11507310866486
1.97205958164827,2.90824148350426,3.40230459539988,5.50536673208778,6.60661899710601,5.20107994132083,4.87728326647798,3.37819915209454,7.84311347380247,2.79817095902584
2.45292340546008,2.96451776812561,3.48032367521619,4.82529960971355,7.01848311818173,5.03654872054035,4.03636036007109,3.67573408257275,6.74823664250746,2.99777512125539
2.77134556900668,3.97640966671168,3.38263172764618,4.873843834591,6.94327565822689,4.90916865274302,4.11644140409147,3.82455977376577,7.60918333631264,3.13877766738197
2.21480162940543,4.28759013651626,3.49871011748317,4.8086683368885,7.05100475142329,5.01411851922885,2.64203998725312,4.11487864948189,7.29237926132945,3.10983110539254
1.99425605880367,3.4906993756223,3.36816975922891,5.52713238338155,6.64881465172708,5.07595647070027,3.6257301404675,3.98575492126563,6.87622323371734,3.16972291263326
3.68542972751684,4.9182517422943,3.61570821112785,6.02440317903058,6.36000640254576,5.61463865160114,4.31801291566648,3.21624895420953,7.78679518797114,2.91126177004478
2.83992541457462,3.88327928068241,3.41461467143505,5.30158804757846,6.91034389905831,5.00717262882324,4.41482488412876,5.46843563517381,5.40176821042229,3.2906753633506
2.07783428684498,4.29954688438335,3.46239296619167,5.04438780651641,7.01100191915532,4.94828111459249,4.09998499238188,5.52565386874251,5.32463035898068,3.60898172179471
0.833602315299573,2.22472680299494,3.15554098817772,4.29868897002141,7.44023676788739,4.22717396888527,3.22326268091068,2.60799184995297,9.17093385991231,2.5
2.12586801823058,4.0691073081512,3.355095560304,5.4683193589773,6.58643983736313,5.11190006574813,3.69472579823819,4.05238468914353,7.46471354420387,3.2259533360033
2.4340291444016,4.37462537100975,3.43684550288214,4.87693361642197,6.92737911401012,4.9993935045044,2.91472172120019,4.37018764748131,6.78118944193263,3.4083491259335
2.10570907240293,1.66716939816969,3.36638717831349,4.61767662349268,7.14313759005426,4.79914255233776,2.6000200709317,3.93439311084691,6.65958202421128,3.13444359788326
2.45413492944147,5.17974483812386,3.44467494429451,4.95976721688699,6.87185296388886,5.04881714992838,2.97086214780304,4.64089699553782,6.76358621318254,3.47052517353065
2.41930984892021,3.75445024936392,3.44237033361325,4.22160891678163,7.34175256283411,4.75929946107139,2.02390381121365,4.46813646637512,6.13706619060243,3.40877942146771
2.51738627779669,3.95434954511436,3.46120861276742,4.26060546450499,7.32849874297354,4.80113245837631,2.06891986562727,4.61012466191259,5.58627673451959,3.46481406550067
2.91201196145179,5.08265292455922,3.45880627170046,4.91513551003441,6.87515157570712,5.03784254865032,3.15588690620452,4.46774117451586,6.83968571711896,3.42716819581292
2.11541348371673,2.64451004463885,3.3971324006437,4.67748125321592,7.06445553214538,4.85731552638466,2.86322819765457,4.11416350614507,6.66772747964838,3.21999998038105
2.11541348371673,2.64451004463885,3.3971324006437,4.67748125321592,7.06445553214538,4.85731552638466,2.86322819765457,4.11416350614507,6.66772747964838,3.21999998038105
2.54046447061073,5.25288862677663,3.45987024358459,4.93928727870438,6.84016572265,5.05682193565378,5.87188806987245,4.46841699209116,6.88353336496835,3.31817965169712
2.18808524465116,3.30635577241786,3.39901766369163,4.73400032627307,6.99007705284412,4.88820738723091,5.63024540557561,4.0122092622486,7.36267951290112,3.09542183723216
2.48231453128059,3.9060439483328,3.45553167090984,4.85098748593275,6.95032341876971,5.01370637914569,5.76530389108025,4.43817565050567,5.7103028654449,3.26352219338895
2.49798061317082,4.23728710544253,3.4085205771241,4.83923573715757,6.92074339630624,4.97707406259914,5.86615450075226,4.36627947454382,6.83065544885759,3.24466335513899
2.24808213811249,3.28194376429764,3.38086315192817,4.73164562913702,6.98679188791407,4.88716369349686,5.75542198693867,3.98983845696395,7.37910415228396,3.13836133165286
2.31649006824276,3.73767021126088,3.4189521459495,4.8132658869494,6.95546097833783,4.97379633710587,5.84615719319674,4.3100481942839,6.25768009570394,3.26363533545054
2.19015978078696,3.04358589632104,3.25015273144168,5.22083882744208,6.96157172277952,4.72554135245508,3.01695658918387,3.49237050982898,8.016416673894,2.96535913439343
1.53481040025216,3.88050545085701,3.297856393307,5.33130988143981,6.89413090489938,4.83783317809783,3.13114462452984,3.96726645453751,6.80494187193534,3.18378575374768
1.47032232162045,3.81979267852737,3.28648561049027,5.95163359518423,6.53811907618302,5.05287109268564,3.95214198131801,3.88418086644398,6.84772258054258,3.15338984613274
3.28141487878658,3.28833833534723,3.68404861294757,6.30451408129227,6.1050245538416,5.89648400973211,6.20982316721506,5.79221374540012,6.24651160927837,3.72196789818643
2.00341446457609,2.27761214405952,3.34687639892795,5.2379398980003,6.7499190436382,5.00481873402856,4.85613688575365,4.6930720578591,6.07753486686448,3.38347252629111
3.24548336307137,2.56357206959204,3.46160500725367,5.38791987631897,6.68741548675487,5.22158433978405,5.09752313340669,3.35256856828829,6.91182633038957,2.89604285131893
3.72331966948224,2.54959690025098,3.52857841993177,4.80413029385394,6.97180693078977,5.13412614850882,4.20433883417575,5.40617031657025,6.51925339979072,3.58865643552444
2.59998520181524,3.56875118612942,3.53677752488836,5.25396054838152,6.70990350349122,5.31545324983328,4.81120034276945,3.93484134262746,6.80268447870651,3.1436353574624
2.05713095174906,2.86982971208332,3.40897494489273,5.37936446274536,6.64100484046565,5.17815545768278,4.99444156832992,3.28389311726401,7.46487440329091,2.90298478264073
2.51355830733034,1.22322066218778,3.26104866067668,6.15188613417769,6.18277104901794,5.19190586250692,6.08809288419486,4.45743382341183,7.32839567788627,3.28473407958186
2.88891811948508,4.3089827661379,3.61142471445038,3.84762192601723,7.54909545206559,4.83896990943198,3.14053835011532,4.53634903177238,5.78342814532254,3.25960173404636
2.88891811948508,4.3089827661379,3.61142471445038,3.84762192601723,7.54909545206559,4.83896990943198,3.14053835011532,4.53634903177238,5.78342814532254,3.25960173404636
3.12867621109512,3.92289115072042,3.65694707251589,6.28890707416603,6.75349735191888,5.73243910777071,5.64187214679865,5.31388825828495,6.4589810632121,4.35787500254803
3.07780925315277,2.69418683376055,3.40544137691265,5.53727710310811,7.21149309791895,5.10399308308872,4.59807268549543,5.04162028866342,6.3068351132966,4.17488218029177
2.38640986068039,2.08785674390558,3.43786008198246,5.28700690443087,7.37797212873196,5.04171649255229,4.35078171589403,4.28063583392828,6.57554093817664,3.94492252631066
2.28320538620457,5.40289027329392,3.45014627456261,5.08093984209944,7.3449870291176,5.02439671609455,2.85857329430507,4.52335821333119,6.74983458990866,4.27466748745877
2.87090198981776,5.35625300793148,3.46376273531195,5.10188385730485,7.35461585775799,5.05043233395875,2.89116315162195,4.55176863561189,6.26391219012214,4.27091459630225
2.05297001084172,2.8953335962043,3.39852581402598,4.86067939689352,7.54749168530116,4.86597876123283,2.5888876984502,4.22954562231,6.07744321330135,4.0567907319668
1.94162298588173,2.31132143855973,3.35597054346245,4.61534609149195,7.55832280214603,4.7531146495056,4.01802773255992,3.72195271465577,7.79233964611975,3.81174888476845
2.91303255236942,5.12648637817417,3.45175709235403,4.9274432401643,7.3460948153525,5.01338111592084,4.3911018053153,4.39086232999273,6.84820823207443,4.12402716342057
1.63283689284147,2.79394563094276,3.2971554852336,5.98975215867745,6.78520150114556,5.18280554415749,5.83648893019701,3.47592278214458,7.032627009897,3.75315178414151
2.07192541050865,4.34972511990023,3.39231156962615,5.24485859516889,7.45493375027612,4.9307744987936,3.78983970455851,4.34128061486179,6.75393133595591,4.08287116119734
2.56428640996254,4.89179122403332,3.39276116176101,5.29547906523134,7.42376250277235,4.96209666554888,3.83420599740698,4.52974721241862,6.78678190355112,4.079609519706
1.98078619293377,2.48880960834548,3.34492459201612,5.06839846041861,7.60359833189239,4.79430712026536,3.57933181444099,4.01451312924758,6.6927131254888,3.88705688862407
2.2498261290609,5.30827271365309,3.4511642846562,5.22823858085703,7.36413769640611,4.99322843057459,5.42108312853535,4.44449863294426,6.81656548522866,4.02739165066903
2.59036508233295,5.09490448372811,3.44279431562714,5.21026424886709,7.38576503340324,4.97647322553252,5.39974328424765,4.39851330928101,6.84707530016739,3.97385905378241
1.98475743089486,2.48415910548868,3.36892069278799,5.58568818510966,7.22870183504275,5.00505073859203,5.92668899713641,3.88938696361599,6.7575839205289,3.70987834738788
2.69521287657133,3.84030722122976,3.59780247818499,5.99501872873174,6.80727742722948,5.60921176840024,4.12550328571566,5.66124160285678,6.19587124579816,4.49541087385272
3.06946704042778,1.53350382230841,3.35250359467033,4.61328136307524,7.67722135252224,4.71127311566221,2.40151364359391,5.84728873252183,4.83959804826976,4.6018260280845
1.39866466873218,2.33331420006703,3.27277584446818,5.15085845231404,7.32885582541439,4.81038137606342,3.02793904775848,5.73763066732994,4.56678612079283,4.63248678256202
2.72191075145478,5.73580355066857,3.50095672286815,5.00876219377063,7.30062166716787,5.14822982841244,2.75181714981457,4.79166250002362,5.68441182476258,4.39044240934586
2.68094354078928,2.96302022733538,3.48965596487773,4.87357677905847,7.4349237383845,5.07473171852162,2.66710776254663,3.17785908884186,7.52984499585262,3.67915198539026
1.38064805832757,2.19849089176575,3.21392364807235,4.69267620834603,7.50064088589456,4.61007839421748,2.36155641127774,4.8604319490031,6.52565903543317,4.34188448210384
2.17399744938336,4.58164279689473,3.47616990328121,4.32663724923094,7.76213063433091,4.8092160661269,3.23595881446532,4.66472158194417,6.56190347004587,4.24152913486546
2.1816978455271,2.86620321445197,3.33323281136212,4.77798753562861,7.55297319969661,4.8008769136313,3.81135062323937,4.33404170492657,7.15901147484744,3.83222997890475
2.95880889549167,3.82324934639908,3.49954445957679,5.32260386477158,7.21583614056136,5.20817707878342,4.58380017550665,4.46294187369878,6.74274019096184,4.13987803452987
2.72903089366901,4.63010903593287,3.55826246160455,5.39794030734118,7.08010869680483,5.36047785475362,3.2916005514925,2.95719892589065,8.19119144919629,3.65919146655273
2.54198817219994,4.44706702547648,3.42640183352682,4.89296419427986,7.36227478402965,4.98426300212506,2.61586216807135,3.23024001592422,8.17464557170324,3.75289001487096
2.00489060492396,4.0130970832227,3.39997079173452,5.02319936471752,7.28826561089154,4.99257306631405,2.77973833679424,3.16733380340558,7.97937794291559,3.74488239422149
0.835143450394709,2.72914667284048,3.16652199989525,6.21058097402629,6.89036366205483,4.96764999969078,5.30508453272654,4.89699256283471,6.71462168192125,4.26631321541094
3.04607991389132,3.53444308431274,3.40068540004136,6.00242676692761,7.06435027275963,5.27394066647826,4.96302813475516,5.04312576658546,6.68346809889877,3.93014280892294
3.37772406515753,5.44782759327486,3.70188652116885,5.134330945133,7.50272543846793,5.33945499615139,3.93941160675811,2.27915010461598,9.29040881993284,3.32118766320454
1.83932829621189,4.56294386898001,3.39697223303871,5.07458141593366,7.38611924927632,5.0090668383121,5.08493848995336,4.37106224510179,6.79909875411225,4.1447504730643
2.8423414191439,4.68868232017656,3.37397148966539,5.08577997719618,7.4005192353679,5.00199597006643,5.06809470241367,4.56649724842563,6.84410646807399,4.03371705572434
1.89422658160624,1.6876630184922,3.32526962477728,4.80445173995533,7.61635740735411,4.79991378202391,4.76814080690457,3.82656592391974,6.73702812722696,3.8312249263441
2.01563793931799,3.59903814139,3.39503938313859,4.9460542707303,7.95055394725336,4.89525042027042,4.12100256445633,4.20839310727731,6.67735629124657,4.01953508915619
2.01563793931799,3.59903814139,3.39503938313859,4.9460542707303,7.95055394725336,4.89525042027042,4.12100256445633,4.20839310727731,6.67735629124657,4.01953508915619
3.1202242090106,5.19474740229859,3.45102845289562,5.12722446431206,7.831991675968,5.04344133608665,4.35202381725556,4.46810633966465,6.30760761382247,4.15841372142514
2.02723827868119,4.17052297212073,3.38460570457435,5.16509511124025,7.93144348295668,4.89108557182544,3.94828579976137,4.19973573915526,7.26952118825956,4.00243640267348
2.11395386835438,3.6678265280052,3.39879560119694,5.15666796728867,7.97686185650634,4.90800114080809,3.9334276807629,4.33844908633005,6.12740371045086,4.0232002721139
2.34053255966201,4.58426027824623,3.32352021743991,4.81593417945251,8.14361620547223,4.67271159709486,3.49143433263094,3.95276383315831,6.89033912112048,3.93460643879812
2.13620128349952,5.3781211564785,3.43213170301568,5.2125952966576,7.82343471141312,5.01521712708292,4.2196107960471,4.52161782361024,6.74231029892103,4.18947657086006
2.15450480916276,4.41969826539973,3.40823219049478,5.12254913664884,7.90018008178536,4.94550005245656,4.11400714852677,4.34012143346509,6.72161687769236,4.08496643650279
2.47746026308866,1.84891946725715,3.31634590469851,4.84523740072687,8.10424822324961,4.70529377363706,3.79714013410584,3.59002007227187,7.8418537943218,3.70177641642746
2.29421997660691,5.39200011655847,3.45099323215589,5.08728490630048,7.80197150187331,5.04689931055285,4.16690100904932,4.48817565885763,6.7738851813895,4.19736789152305
2.14160456504501,1.4143346460402,3.33696651329884,4.6917409267109,8.11737775482152,4.72916315604748,3.70017639923361,3.65642629659331,7.22206958454788,3.73650585808648
2.44502888600953,4.09522245158377,3.40326835658207,4.94685204596988,7.90579490917128,4.92483212183538,4.0036454923861,4.12880275620664,7.32674827002911,4.00229684500465
2.64663417663363,4.79579414816976,3.39141944293905,5.28290559383676,6.97400819357074,4.92319176819185,3.86702699559227,4.5537813245219,6.78539506228645,4.02029791573871
1.86169529800044,3.25283163927816,3.35618632514983,5.11759460856804,7.07837950039948,4.79410613141376,3.69266373289523,4.05158482116768,7.27197999862487,3.90334623593678
1.60922582260383,3.29424443971923,3.30794093200339,5.76580109443744,6.70506680062933,4.96711874379225,4.55687827730016,3.78658388351442,7.44291245779982,3.81801240138559
2.6058751381868,5.50552593202968,3.48194831216848,4.92249512839696,6.84791337669911,5.05451361525739,4.36407137130101,4.6780601318715,6.23688744996585,4.1958558698282
2.69123394642874,5.59663205925693,3.49620051308534,4.936692161622,6.83362095604526,5.07021794422832,4.4025523645597,4.5526424124182,6.29492626776288,4.22368204138458
2.0276703340475,1.8427339142407,3.38383378092943,4.55564802744711,7.12972034435107,4.76435436984822,3.93862688495514,3.86581832773297,6.6637383724716,3.81564244681714
2.50749610254759,4.31085672288474,3.33659352274733,4.97574482899376,7.00523157534878,4.87749650181206,5.18469467186215,5.12715352407082,6.56222468605024,3.81168355390252
2.08474499929892,4.9948677168429,3.4614028495407,5.10643044265501,6.90001546094505,5.03890357848217,5.46475530479113,4.65131382304857,5.67681480981141,4.16000224334109
1.94349042694032,1.71978827485423,3.35202451321523,4.75830891298517,7.15675734599033,4.74608485229908,5.05791519065132,3.82284020996925,6.71632723469565,3.73440740855497
3.56918547409054,5.50489235403069,3.57727553160829,5.31351121311027,6.73076879854602,5.33759498097587,6.2580412246958,3.75601916920017,7.23684351324248,3.66634302684149
2.42162363275882,4.72630365048476,3.49295171054391,4.42827552984669,7.20985918693195,4.86651131258106,5.08192071096293,4.30269045779792,6.88666982188084,4.03396019618952
1.87876938269264,4.02738217643867,3.36514871542612,4.55367944421054,7.14096052390637,4.72921384514551,5.26517225878719,3.65174223243446,7.54886388606909,3.79330604542574
1.9599450160577,4.26965223182256,3.47013200277802,4.89414757829667,7.10228854757631,4.86639972703572,4.80280533384413,3.16259641163308,7.7622448747756,3.11313481754896
3.30585487930501,3.26286824194326,3.54077146265064,5.09212615324512,6.9838931878308,5.00306236262305,5.1281845575966,2.92239586264243,8.27190837888544,3.22235030563173
2.35535661925263,4.09564753330668,3.53310321578895,5.84369826302496,6.55029021441711,5.28051182685366,6.087336696084,3.19500017983552,7.20234869700512,3.34153536856975
1.02894528466937,2.3383397220679,3.30848418866248,5.13489147106748,7.01887309332339,4.76331694570438,3.12119940554234,3.15299104919005,8.17217326519183,2.99176438290753
2.34515681761368,4.06574636188891,3.57667677374415,6.27106046134667,6.33765897807441,5.52641236629452,4.652957460395,2.80455785464657,7.28898329931704,3.30482603125698
2.41282809508947,3.99921779643821,3.3746453136582,5.18484531997763,6.91379736968413,4.82181567715518,3.19116868907609,4.29772142438649,6.9617882738731,3.91816087814285
1.80403890725376,1.5291773365227,3.35921807196909,4.53164244518646,7.16052761520677,4.73433559730218,3.44525263026459,3.85687900134765,7.17536007912769,3.72405087695818
3.03210317473416,2.77783475794741,3.39828653538559,4.65067999338974,7.05427028092496,4.81796612226165,3.64291008660258,3.59014951982131,8.02401008119293,3.77279763616808
2.04894486320085,3.93691571093155,3.45894624451729,4.80391862921896,6.96624361611407,4.97313994841036,3.78497671989887,4.37843760400619,6.17319719041566,4.07296532488552
2.89790447274567,3.96256267101342,3.4158924987258,4.79354527632226,6.98638790634858,4.90444519973747,4.10861124184811,4.38857212262503,6.76971638897359,3.93017101294973
2.02550653836561,4.66579861599048,3.45504593840181,4.85985801693146,6.90962468847486,4.96893151485059,4.21077532502055,4.3829981772346,6.74614558556315,4.11199018912427
1.06818908406671,2.36562986625006,3.21213472594773,5.77994402399658,6.40025911151054,4.96119904022511,5.45388659991088,3.3113908982454,8.01153114465984,3.68980893517758
2.44021324603934,4.8092174396525,3.50519505483196,5.57744233399623,6.69177973032555,5.28449005293835,4.61012649215941,3.60064567485218,6.80977209568136,3.85743151088666
1.35087134192732,1.15623313060697,3.21673874977,5.25351013490921,6.90205027153194,4.73974793069215,4.21686069828661,3.60217215179437,7.68829295988377,3.78129938847795
2.46658880890059,2.41891984088069,3.23731609445004,5.97817528379264,6.47290388322065,5.03250741514321,5.16553692849828,4.40337810059169,6.71309418733388,4.15007375036849
3.44261448046465,3.94664998799556,3.56076736726547,4.07401503259677,7.39987593788135,4.88557110204786,1.86996507547005,3.23631737225069,8.54154530312418,2.83431904227048
2.04670204632573,4.18601659018229,3.41399490215606,4.06476608753839,7.36064310473901,4.66184300331304,1.79469879599736,4.67242625555991,6.98262850564941,3.51885357137104
2.52047543355773,4.09023005897083,3.5310086633238,4.61939747526705,7.07089466263544,5.03605890831525,2.55483596003248,4.80773868011848,6.58751354035921,3.51330092931565
3.03785473062324,5.27091561727918,3.58501204715955,4.81749432918815,7.15283764375505,5.13841028116,5.26394531469114,4.5434534569259,6.83657593448197,2.88607764350419
2.80318783104007,4.99771158655881,3.54107294074865,4.97088622484604,7.02199727861331,5.08347480525605,5.49773449151113,4.96742334692293,6.16539784292102,3.43851137979537
2.25789247500127,4.97276957975489,3.43188472672006,5.50084613860442,6.70594499747298,5.12583149153413,6.17787431837212,4.80778707777456,6.19965473353057,3.42274636529615
2.83929906514639,4.99866052695006,3.45723301036302,4.97298100279929,6.9079349618765,5.02328553829959,1.54635484270778,4.57854527948388,6.76417775042464,3.45133966411512
1.81517497654352,2.22385597896741,3.34168681544573,5.04582445870911,6.9156398771692,4.87668864538269,1.66242571038476,4.14817122277034,6.65155160349769,3.26749275337056
1.90753065944259,1.24784922806367,3.34110999917977,4.57438913946624,7.19334036069101,4.69722854771825,1.07729386705386,3.69678461893286,7.70213062219537,3.0415104759514
2.20851476832214,2.98808532372129,3.33707445912324,5.57349093752507,6.67196472110914,5.03347930530621,4.92539307724839,4.5440330639136,7.15413972997938,3.32823222071136
1.92661490662835,3.28586926840228,3.33271048347772,4.97644791811442,7.02651351005833,4.80079777820288,4.19142570092559,3.87282005928504,7.4367068370281,3.08702709574271
3.494080319861,6.12028392024127,3.69765348831423,4.3315941313682,7.38793979161138,5.08692896855422,3.37545517030136,3.3558133581031,7.72201207380843,2.90727874206532
1.95908874409545,3.40140858288686,3.22429450296028,5.51410672068471,6.76132237839401,4.81500114519092,4.81588255766173,4.80558114356879,6.66516759071654,3.35184701150343
1.64010662608807,3.5873779168413,3.31621782766556,5.24583544509695,6.91194874035454,4.83740969574542,4.50495607117463,3.96204230964031,7.26932373610529,3.10593125973417
1.29346832405708,3.45556279785342,3.24879852402464,5.19521723788801,6.93999555435481,4.72151002706073,4.42661997853236,4.52175116550254,6.69046787301718,3.31717730252607
2.90325921803052,4.60307516960496,3.42999723149564,5.17698031190582,6.97630159430228,4.9507351200906,3.94152974179591,4.61161661119277,6.78706149374011,3.11412114779245
1.85756669097754,4.43179336613116,3.44587187441054,5.15868512460397,6.96904637390107,4.94995476028587,3.93913634758432,4.47889626710868,6.71303094348489,3.21124198691574
1.85756669097754,4.43179336613116,3.44587187441054,5.15868512460397,6.96904637390107,4.94995476028587,3.93913634758432,4.47889626710868,6.71303094348489,3.21124198691574
2.69448202786554,5.73869078455246,3.540753869295,5.24318619522658,6.87214167922871,5.16162964781973,5.37874986716447,5.32269880570378,4.53136015409594,3.29518326736065
2.28533516500064,2.65929982738876,3.44941242808152,4.9024365162734,7.09192129307609,4.87514353846045,5.02519552941612,4.14738598102131,6.20723399532221,2.92273872854095
2.29670013808361,3.36188585591834,3.4540608106131,4.94986020794834,7.03325301241951,4.90006064206777,5.085080025092,4.15066173020631,6.79856201704806,2.9580059271914
4.19819863173721,4.5948964416649,3.75993851587967,5.26538330048404,6.72311662912643,5.64346208869902,3.16847082931544,4.59539925620392,6.7794011387241,3.4072079026388
2.44249147420987,3.70720307286942,3.51291714591886,5.66879496990281,6.47653169170442,5.43903431105197,3.68561808836635,4.60852122136171,6.82285398750385,3.46715898178143
2.51518873630058,5.823554516067,3.51173386667923,5.08154581072033,6.77967362972424,5.22100091879933,2.8956680748721,3.99299935829078,6.96176907944402,3.34555442698369
1.38787155297382,2.77004324699871,3.2802281410391,3.6790422127137,8.60356469228946,4.32255373922644,3.91014787836181,4.50929597798093,6.59624660599107,3.25235668935539
2.82489195163124,5.39085540369165,3.62857013953677,5.41606852248215,7.58484884534203,5.47529640841405,6.22944651483065,3.48219237886792,7.66612233743373,2.91866901171196
2.90870712422662,3.83360036969432,3.38986329125681,5.54636549598261,7.51699583137382,5.18621409503033,6.32947940283741,4.77692132734905,6.6836897325182,3.32993539647154
1.99383128799079,3.62185038247251,3.40249319633431,4.81352725120632,7.89995443341655,4.95716670175415,5.84285007131301,4.24499202930573,6.72299008122947,3.21660855214259
3.17370448087787,5.19293096133004,3.67727309706436,5.26154287380174,7.63639615845095,5.52067424240338,6.41890793497549,4.72218583726375,6.14838477791914,3.40133569591752
3.25643145965448,4.99447768866877,3.45039405399412,4.32993392832101,8.15789807288097,4.84403443309903,5.20679479075425,4.39146516264615,6.891013761711,3.31004481769477
1.43838729688821,2.79827058363448,3.31020684594906,3.64002373016136,8.62982053987217,4.28669761900693,1.36148641051636,4.59728644048137,6.47066443334048,3.31424557521902
2.97348278314343,5.6189747398819,3.67738548995322,5.41604534589798,7.59785087306416,5.48127120963971,3.7258011013988,3.71217818765241,6.98974107189957,3.03659483714114
2.87385858474072,3.77072399424327,3.40558899184654,5.49314998020524,7.55754409961037,5.13465189469508,3.74234726399706,4.99033575922705,6.50005910526984,3.36400040631138
2.17820659636145,4.60267926539434,3.32908496166258,4.85101118007721,7.67147032629884,4.66141574227186,3.93545982967441,4.02509524037837,6.87649518240512,3.13443901792704
1.69404998012606,3.38920397015247,3.26291766484423,4.07340082854984,8.14355454006749,4.30150124902315,2.86903653803308,4.17070408103439,7.17902938473654,2.96114308957955
2.0202649038397,3.3758753246189,3.38074365069472,5.143164314422,7.52937497497984,4.84583847616306,4.32015839614045,4.25102242789542,6.67719096079818,3.13907186877175
2.83690358329197,4.19714197933505,3.55235891801059,4.65153363153651,7.99510439968974,5.11398615070064,2.5432164806907,4.90142187609547,6.03381602069259,3.55888314575959
2.29405894226381,3.49821809014853,3.42455714141834,4.77693754590036,7.9262018239105,4.9766904344099,2.72646802851496,4.25047365073202,6.69600594527699,3.31823257093792
2.50975071467782,4.22569455971382,3.43316925277977,4.84372003646551,7.87581734245424,5.02328438021286,2.79183109294567,4.46680622427862,6.70827201873907,3.36189644475892
2.21818165435083,3.31052435215706,3.39874412215679,4.72747727925916,7.46637012435881,4.88875501997117,4.41900731308731,4.05571520181889,7.28884197266777,3.17059505271025
2.00332527662813,3.55416219291776,3.30076687542711,4.96102536000623,7.33145026720173,4.84250172242198,4.71905037367299,3.74218672546832,7.42217912859799,3.03428086018912
2.21818165435083,3.31052435215706,3.39874412215679,4.72747727925916,7.46637012435881,4.88875501997117,4.41900731308731,4.05571520181889,7.28884197266777,3.17059505271025
3.22346352464418,4.24345741821025,3.5825172350411,5.32060647699904,7.13504681557351,5.40243169958442,3.23593147072185,3.98908296675542,6.86354806572261,3.21999617568781
2.36806051726554,4.5959547474634,3.47198220813665,4.87637854241591,7.37499682959733,5.08585592537401,2.60941815929483,4.62150242075092,6.17714600526451,3.44896839025584
2.74216873837468,4.21138300010756,3.56492323957971,5.29248887698149,7.13381415137366,5.36950267927116,3.19301807884465,3.95579565494328,7.35480073096939,3.2035851262669
1.74001199534205,3.57489297285018,3.26913900623381,5.17199608991028,7.20923093003877,4.88514649631654,4.63187309836084,4.87617782116565,6.21834883679423,3.5060448407799
1.91803233526659,4.49798255190335,3.32254357811467,5.02762268305183,7.27989591257656,4.9157821281271,4.41006685960492,4.77166672011438,6.22561159236678,3.48123691265669
1.44606896483311,3.27833714712974,3.32059177800003,5.21044574510493,7.18549633260613,4.97888558455812,4.63028422249599,5.05836771284965,5.90872382048542,3.57595338699268
2.86716393241431,4.62129205715606,3.63871479615279,4.4835084412782,7.60325516512888,5.13578883004977,5.20601667424196,5.26567767035056,6.51536138342699,3.53501130591227
2.96232336246203,4.70739691636326,3.42168493677651,4.91354404092074,7.37661059362216,5.00750345214388,5.75128815692235,4.62468365506564,6.80387309242125,3.15925028987749
1.97761242391458,3.62323798922836,3.42078494910341,4.81230310079584,7.43895700138335,4.94485736748851,5.66253492669781,4.24775136077433,6.73817195723084,3.16577714880228
2.7851665619623,4.37124414477029,3.59353930455375,5.7624208779995,6.95483641825821,5.50873706798916,4.0193869864203,4.59575877347781,5.54004339114717,3.38984673817274
2.31835728580264,4.01620550108876,3.30893502111367,4.39004322555721,7.71239037135799,4.59520194240415,2.21198874539534,4.73461285290871,6.68728652355019,3.38030721842237
2.18576192128495,3.22190161710797,3.43298970217607,4.27049031065542,7.82782282754566,4.71967947384466,2.10693219545235,3.43773386710913,6.87278559346181,2.93016118066662
2.68647857310434,4.008256075921,3.5247290766521,4.30191951641424,7.73270518653721,4.90652796521181,3.82336938925464,3.03385768008936,7.95117542472492,2.79680456614228
2.78790259943028,3.7477080688549,3.39104108972767,4.51305717724216,7.63025136060435,4.79255904174935,4.11282687068312,3.74522618200732,7.02681034858109,3.02131899729744
1.69300947958245,3.61169163838623,3.32997629642327,5.00702176163806,7.32702647756674,4.8874755860457,4.71901424101605,5.28440326162979,5.57277770557474,3.61991904097134
2.07222520105127,3.74151889406696,3.43282156410079,5.71443171933064,7.29245605811766,5.18500044393152,4.04905520803951,5.60537613852455,5.39365089970029,3.72347912438415
3.18309059063126,3.27654136898905,3.3969758268567,5.73905142223002,7.29788793958124,5.13814026591646,4.14413957065704,4.23500783348304,6.95144489632871,3.20150999743169
2.01316234642591,3.79775983279919,3.39598177451725,4.75566472877115,7.86374222107624,4.7751633162251,2.80186721984157,4.66294502507686,5.57571774536106,3.38950696353967
3.10782839577675,4.57956434341406,3.46480521263431,5.14317998426722,6.71377759594838,5.08984928361504,5.85414205622481,4.40956939431235,6.87888560969594,4.03494423226315
1.99194126224733,3.75200712152639,3.45240017030603,4.73092625594254,6.9690059916285,4.91983898773444,5.32290782111661,4.17834912943105,6.76593199613242,3.90756079686113
2.25969690350413,4.80820132044446,3.53201379083633,4.83208494979448,6.89630375969582,5.07341611301983,5.43032065769759,4.68375621542,6.10767043430597,4.12303864583599
2.99529438594044,4.82919942285787,3.45920215391755,5.01052088569569,6.93703775610166,4.97757663479108,3.77975377152981,4.472837159929,6.84874939819353,3.95993183644171
1.96182621531919,1.737100712815,3.39624972176028,4.7149956152298,7.16716443598806,4.75979219363738,3.44131888276202,3.85832445569874,6.68363223954946,3.72961353550509
1.96182621531919,1.737100712815,3.39624972176028,4.7149956152298,7.16716443598806,4.75979219363738,3.44131888276202,3.85832445569874,6.68363223954946,3.72961353550509
2.81261781509363,4.58015835456136,3.58146439692307,4.88260478633608,7.00364320952941,4.93262163100724,4.07228891313234,4.85864199551905,6.63914853241418,3.36927485357086
2.03522059403985,1.76135130733148,3.56126651874653,4.62966937379012,7.19089654020793,4.76194810090657,3.84930732640441,3.86787433128423,6.64815196676507,3.2224350673034
2.03522059403985,1.76135130733148,3.56126651874653,4.62966937379012,7.19089654020793,4.76194810090657,3.84930732640441,3.86787433128423,6.64815196676507,3.2224350673034
3.03961775321814,4.89864139787909,3.41258443952049,4.99671860755974,6.90117719224755,4.98189301286755,5.60282298566185,4.37024130131362,6.91753615695841,4.03599434783182
2.72404005455389,2.63760113995868,3.53769338491732,5.60594947902572,6.59072314413714,5.37726255954056,6.43063769852705,4.67019304061036,6.58614836302454,4.10020351502606
1.96346604459624,1.7609896242226,3.34250590690479,4.69409168815295,7.13845152709743,4.75625547079333,5.24514428538666,3.81843700639884,6.7233975196139,3.79176117314595
2.98062855154821,4.82766697791566,3.38642287765636,5.20458166155767,6.93692624721143,4.97880684788405,3.89683016191976,4.35334499911917,6.91817967053305,4.14346773799577
2.62236597360464,2.52107607152204,3.50440450406924,5.80671714873951,6.63361696479138,5.36632341536186,4.70539737076988,4.71601139765567,6.55776490070186,4.19376432697334
2.34015813508147,2.28266354616604,3.42564923835776,5.38978418014889,6.89422929278778,5.0976535815081,4.15767704087709,4.43211980235874,6.07560070171022,4.09557665229996
2.69797256580816,4.50738564644042,3.39615982757278,5.0498024187984,6.9824021846359,4.92826318131901,4.91018329111436,4.81511386566967,6.71756126594284,3.81620846536384
3.15950591710848,3.20340123180349,3.68758000606213,6.20365464230893,6.33481210087077,5.73093476601426,6.51044386373915,5.24397112284056,5.96989255132264,4.18806440777368
2.68114522083236,2.56519982628299,3.57114901228661,5.70872982002679,6.62192815583467,5.37859893755065,5.87268110275534,4.6761075847483,6.58930590690364,3.97780974056695
2.89811324046784,4.67059195711446,3.46138081767699,5.18686209388321,6.98388317555679,4.93317706978496,4.74130236579229,4.5173858299104,6.82518758584214,3.73571309185962
2.385681036364,2.26223800486932,3.52198547975366,5.3933570299836,6.91974903478893,5.07557936043033,5.05986741975961,4.40803270273652,6.06966891351678,3.72956305146944
2.385681036364,2.26223800486932,3.52198547975366,5.3933570299836,6.91974903478893,5.07557936043033,5.05986741975961,4.40803270273652,6.06966891351678,3.72956305146944
2.98254031429172,4.45650443596987,3.55364862974966,4.91111080836547,7.01752825209689,4.95104842721303,4.51938072199474,5.02487344546447,6.51933325067901,3.55955394799004
2.41375033086665,4.91540902233848,3.65976584857605,5.15292659131977,6.8546480540135,5.15202887331185,4.96200809969555,3.54968447825426,7.56225323909785,3.33555512848754
1.57188445465284,2.79016626616409,3.44697315091156,5.03129745571178,6.95318146364894,4.7972691410498,4.79657965101352,4.20048202366531,6.78974829154654,3.52275648729022
3.67283139044845,3.57135441692428,3.55340942776829,5.51096930424223,6.66992099859837,5.31157567424902,4.28005856972444,5.36357171290847,6.22496589963429,4.40757457450021
1.49635372148233,3.37040269510299,3.33784987659963,4.77747642597114,7.08362715700867,4.73286807387789,3.34629320222705,4.20022575155233,7.13658530897731,4.00963538625904
2.18009017940254,3.70301160534342,3.47857338239595,5.05296233677014,6.9558632146689,5.03601105051353,3.75945206197246,4.13147211023149,6.85916212402287,3.926531375065
1.49231712812526,0.951096995692005,3.32985905826774,5.25811178384557,6.87333786081556,4.83132848167219,5.10514889273519,3.46379039948536,8.33373480541993,3.34852917106197
1.58909287349616,3.18229812478084,3.25054799456413,5.56634043067585,6.65171956346199,4.82205268760201,5.4689241687641,4.28748677043244,6.73904107189144,3.87384443823694
2.19768549752827,4.48766208465503,3.43993329880753,4.94535460855303,7.00838387637169,4.86595330820764,4.63263753417378,4.49434766320564,6.15059830744408,3.96115817832609
3.39053421534714,4.36254683515076,3.49107901530852,5.30548167122035,6.70815457769364,5.24198547721855,4.50524717427944,4.72539520552908,6.76871908678934,4.16313918708656
1.92187254161518,3.70740256209732,3.40223362461811,4.8241565604188,6.98190924735922,4.9228474341898,3.89087358425405,4.22950257910375,6.73429231492488,4.09212640969637
1.93960808120735,4.13102038287791,3.41498665579064,5.16896195959922,6.78305082304427,5.06978114526994,4.36558541191954,3.9785833705535,6.87491551984968,3.99738384867453
3.45616925414238,5.55661189038915,3.53473428224071,4.92245660688305,6.79834304046338,5.16805210375942,4.25163243192961,3.67229132293309,7.11017748259669,3.90826353819095
1.60830962655397,1.21104977323769,3.31871796771582,4.28979530957997,7.21481617555802,4.61881107866535,3.39441555842632,5.20770914348033,5.82888412709379,4.31804766821113
1.76696653182007,1.44499046499628,3.34926266102704,4.36829002425711,7.16947529253073,4.69268357227061,3.51595188666545,4.46608493805837,6.5358917407496,4.05186369848297
2.4234808487968,4.06536800976599,3.42580368151399,4.96895311179882,6.88677804682529,4.81312196225488,4.91669706128763,4.00359988216586,7.39778795481914,3.32002610155154
2.1406739099382,2.96715272876652,3.55476950728054,4.69836283335676,7.07437194939444,4.86774249035947,4.60336545365941,4.17540011013716,6.12743135682941,3.53264291872293
1.9022427601802,1.57489226531914,3.48148621889088,4.49083043384909,7.20970913338143,4.68232004654824,4.33120573097864,4.59353972987649,5.95052391763162,3.63828211006085
3.06288639961717,4.92966987853906,3.45813732518676,4.93520765785961,6.90860206725769,4.99530000982321,3.98451174131744,4.41835467385717,6.86996172344678,4.02878289921541
2.14628597258009,4.10866006340055,3.47353517932457,4.89066615391706,6.96587802164195,4.99276436275636,3.92808276717395,4.51352670105423,5.61561723998936,4.10563442495839
2.14628597258009,4.10866006340055,3.47353517932457,4.89066615391706,6.96587802164195,4.99276436275636,3.92808276717395,4.51352670105423,5.61561723998936,4.10563442495839
2.96732835501662,2.53194306678702,3.62982006619415,5.39425424015406,6.59963656995001,5.39795414710349,5.84747991946958,4.74955071104377,6.54551673053935,3.8559174581522
2.03663704097323,1.85829097406248,3.44971295466074,4.50384278433607,7.12342105631209,4.79858488831514,4.70186706469345,3.84484004657966,6.70112269530476,3.6017142952341
2.98534805702936,5.24448195321288,3.54199875761737,4.83501768773856,6.85505516990051,5.05371511241356,5.1186701348403,4.28097415117976,6.94263683751494,3.91409922709863
2.77699494357455,4.65762850024245,3.38434975661764,4.97130027293702,6.93170850270487,4.99049832470731,5.00305684842877,4.68767375008959,6.81074584415517,3.98886216106789
2.67480879035681,2.62433655285779,3.54508715553677,5.61602685979399,6.58552587107694,5.42512820381285,5.92706703705495,4.67408608944385,6.62445166731894,4.12263726471462
2.08914876131307,2.4916269383678,3.42320234401677,5.37953625496314,6.70003990630979,5.16381822448214,5.55893455398696,4.88482792630216,6.35108539619055,4.26177591994162
2.97536252306017,4.70370466584662,3.64811758843242,5.05794154567439,7.00398374675281,4.97805126512367,3.64873297703953,4.50773441370901,6.83866159966,3.33101060864987
2.74513815747951,2.53376323895748,3.78747668597627,5.68137571502219,6.6792383014691,5.38912558720787,4.51503531291953,4.68226753273013,6.56531262352317,3.4230459474005
2.74513815747951,2.53376323895748,3.78747668597627,5.68137571502219,6.6792383014691,5.38912558720787,4.51503531291953,4.68226753273013,6.56531262352317,3.4230459474005
2.842935642554,4.63933185081507,3.41824731889864,5.2491093704269,6.99002658880654,4.94582835787809,3.36193998770917,4.54847466273156,6.81746424932973,3.92822015292398
1.85214687605371,1.59277649304943,3.36242098719979,4.96067948424514,7.21301241575623,4.7358951447748,3.04274228069267,3.87125889828775,6.68135893258538,3.71181544532708
1.85214687605371,1.59277649304943,3.36242098719979,4.96067948424514,7.21301241575623,4.7358951447748,3.04274228069267,3.87125889828775,6.68135893258538,3.71181544532708
3.28305263231325,5.27430056473054,3.48179158753015,4.94699166747857,6.87556144392956,5.04940255512222,2.95391364684847,4.45183050126147,6.33751604073909,4.24106855834556
2.24361242133494,4.76829654465245,3.50829758141062,4.97659412345251,6.8558593799095,5.10276347875922,3.00558872283853,4.34870852017431,6.82279112747147,4.15113939441512
1.61606359855935,1.24472397842986,3.30386449087496,6.37120094405129,6.1018154826551,5.3244047678242,4.87768291353917,3.3763615610921,7.85394947841757,3.70392539154967
2.56131893555075,5.82596245258568,3.5841758984122,4.58476100205085,7.11593111904734,5.06786348626883,3.62444886376113,4.0486510543261,7.42210822524603,4.01254489325918
2.38602913612867,5.28101212188117,3.54231742744361,5.44643457081875,6.62948834041215,5.32485566697969,4.72964838366717,4.96997773131673,6.13101408581699,4.37914300245921
3.37059085364921,4.65526453756695,3.47722931977011,5.291935280783,6.73502178977844,5.16452490664535,4.53856551833157,4.71302695381807,6.19277340297962,4.316643209541
4.27661085964623,2.31960122417617,3.69853630860834,4.09885119504874,7.51745317725893,4.93986908204849,3.99185161556548,5.47749751446584,6.34248766746147,3.85909384246806
3.43872531428973,3.44329108703606,3.77852662945143,4.23089113298818,7.39876158028069,5.07419435119636,4.19780642056161,5.48013472647326,5.82541723924572,4.15850050528722
3.43872531428973,3.44329108703606,3.77852662945143,4.23089113298818,7.39876158028069,5.07419435119636,4.19780642056161,5.48013472647326,5.82541723924572,4.15850050528722
4.06300981995242,6.02452248405258,3.94326777618966,3.53652681423743,7.95909866437092,5.00783168580775,3.03131534382941,3.35844713112494,7.00061643247768,3.0338100909698
2.46141563599462,4.5531686973153,3.60962539848556,4.57628810606483,7.28845325794447,4.87635067319031,4.3921399667352,4.50424446430287,6.73479265545231,3.80837580274725
3.19350240296021,3.96882661724619,3.49629067914008,5.06999530189848,7.02067400754061,4.88903077408966,5.06527164580454,3.98229274915095,6.96748443178989,3.66054932716205
2.1540347948587,3.27274826559697,3.32765754605325,5.44966886901441,6.54225990383229,5.07727965082004,6.20329324822789,5.48624037782655,5.78145907948884,4.39791700698462
2.49608443609264,3.65607455979902,3.49570928623665,5.86295293367668,6.33411167730248,5.4587444985768,6.86797545182175,3.53249547355206,7.02786440176177,3.73773285208667
2.59482832251469,4.19494811764782,3.48724534142754,5.14030018615193,6.71084080838148,5.17702653643137,5.87887421787402,3.86991778414338,7.33141440616402,3.91469900473159
3.13409923505135,4.369230390917,3.5690087010163,5.47607458857916,6.76733160802027,5.1312184519182,3.76058167768868,3.03547649122433,8.36179501060862,2.96846485439354
1.94791186934256,3.61733533538365,3.54348056998208,4.93444441458243,7.05843550982083,4.87068593533256,2.99891841059655,4.26186651614565,6.65352456885272,3.62096005674352
1.84060840269527,4.12282712641415,3.53802633711545,5.19287987378893,6.88583349008979,4.96171210918041,3.26854868851237,5.04047814102048,5.76073944494644,3.97035567470983
2.53365419027668,3.37695744612618,3.45099475705673,4.95118134417774,7.11141490837225,4.77826669345742,4.30487160912716,4.55994596800592,7.15224631282933,3.35173139076689
1.97272970537795,4.5078482935854,3.54461614793474,5.0919838643909,6.98567319987409,4.92384776473784,4.54826786700178,4.38282171903281,6.72297553082984,3.65915472336899
2.22274846576392,5.14040766419053,3.61147510364484,4.84833715906241,7.11182939225636,4.93048975251323,4.18095855365347,5.13914176364774,5.92410040087932,3.96937283783311
3.14043276162373,4.43902433360809,3.5189480382536,4.36956059052397,7.29493169986685,4.78119307771804,3.07981612113939,3.53624452440146,7.5013551075675,3.62694776583239
2.08408358994306,3.6230713566166,3.46315934975837,4.85382641103508,7.02006614436426,4.88126737683245,3.69783605844295,4.204205404396,6.70654717070498,3.86458660081876
2.28893186461464,4.87616230417552,3.52897677545828,4.40203979083018,7.25399069620055,4.80982065989575,3.10397204765814,3.72716227639039,7.39146749698222,3.73330867306282
3.22433574611312,3.31548557392892,3.442167976769,5.38316007578559,6.83142587311666,5.09465213597362,4.6449815144139,4.62953054849874,6.66995938828877,3.98491423652966
1.97165767821309,3.58041940913592,3.38372870182366,4.99354330008081,7.02852489034626,4.848635944643,4.15440921327993,4.19808216137584,6.71500834477265,4.01251338953044
1.97165767821309,3.58041940913592,3.38372870182366,4.99354330008081,7.02852489034626,4.848635944643,4.15440921327993,4.19808216137584,6.71500834477265,4.01251338953044
3.22782013908506,5.54082915320777,3.69755552919073,4.06120535404252,8.34114363885155,5.04015405895798,2.87126293741679,3.00173257870115,7.76772279214148,3.52137451012521
2.23246490197683,2.90193522845951,3.4440366696743,4.72828923137668,7.98780857041181,4.92173958936042,3.69084815365462,4.16656067157068,6.12451586845861,3.92306544492198
3.55170152666235,3.27507338905592,3.5682525896,5.48942503097861,7.53827480772086,5.38346504269965,4.66811755248842,4.93276807057776,5.96047325669226,4.19471799515621
1.92692870663765,1.4127363139467,3.41588167486697,5.6346874751327,7.59293663950594,5.08451595241892,4.83436023837268,5.53230140632958,5.73595383394684,4.25428751945477
2.56562317635835,1.13304842917826,3.41380964073407,5.61655922559714,7.61707459951074,5.06967814972434,4.83084768846691,5.35114368332781,5.83517127681085,4.18825321296969
2.48026436811641,1.0419520132874,3.39955743981721,5.6023621923721,7.63136702016459,5.05397382075342,4.79236669520822,5.47656230360344,5.77713245901381,4.1604270414133
1.98290675282915,2.77254542524076,3.41685800330102,4.66495726376854,7.98010247844163,4.92086091172304,3.47479506966401,4.05727954166104,6.68996187180257,3.95064607705011
1.96460870232426,3.73097561251549,3.44075873434745,4.75499964263093,7.90335608458886,4.99057818933903,3.58039208742824,4.23877593180619,6.71065115342739,4.05515263546528
3.03468258299332,4.90623095554125,3.4559109229374,4.87043637422567,7.82672116892747,5.06892860296533,3.70761598864767,4.49029050664421,6.83439110641484,4.07645552403898
2.77040686789249,2.65211416891277,3.57704307733615,5.56622378128339,7.54295675666855,5.41394423431959,3.48579127371329,4.77038030472919,6.44917174610733,4.18370526512518
1.91175642905836,1.57559364608987,3.36301815041376,4.61536441978568,8.10394184876254,4.75110227539731,2.25528549866697,3.7766360749802,7.13721449838338,3.81922827921211
3.17134337479868,5.00425084272404,3.46618633285617,4.97118367838567,7.83912127339823,5.03427714374738,2.69646124661447,4.34500459605488,6.83860799463896,4.14731997395475
1.47992572625936,3.55102225908012,3.34673095350911,3.63006031313272,8.56277364114434,4.37993023646133,2.22981807694212,4.7138445683268,6.99757126281225,4.19396505306885
1.56396796337691,5.1846045300554,3.3906071279065,4.52479574623315,8.04087385028029,4.78019796524102,3.41119807617765,4.17269310729401,6.79462170510215,4.05902667121271
3.88514338800443,6.25117058892205,3.61438739174229,5.2791940721044,7.65736771828174,5.38850935788007,4.44849973754163,2.59411734871399,7.32053346729982,3.41595543575498
1.96900753138218,1.77697783234221,3.38575502515816,4.63966506112885,8.07810294072566,4.84596359738578,1.8784902823389,3.91568814836426,6.63356863754312,3.92238666957332
1.96900753138218,1.77697783234221,3.38575502515816,4.63966506112885,8.07810294072566,4.84596359738578,1.8784902823389,3.91568814836426,6.63356863754312,3.92238666957332
3.08783864412505,4.96018266961232,3.46295924311013,4.94938736481977,7.83368384018542,5.0794523675104,2.25540616436538,4.40477778403929,6.85673425078495,4.18053242247585
2.68978063871275,5.51681005709468,3.630665147969,3.0,8.86325740842274,4.60480193140556,2.61766168840801,5.35704950550513,6.27426927046441,4.4348048605912
2.44510520222591,3.18389054616035,3.40584519180748,5.32773734163452,7.57819204796687,5.14277122618246,5.77156971629933,3.79280990577376,7.43848254708361,3.81732436685122
2.60290560488609,4.18070633689143,3.4602399470227,5.91032260694907,7.25037591150562,5.44503777304171,6.52152877315909,4.2015349013199,6.49556725505161,3.95982780682079
2.34129511920679,5.02954278186542,3.57338480418444,4.9418901556803,7.96949020472144,5.07818498503676,4.68072532344423,4.89386116243007,6.61627860479465,4.1002460787455
2.69855559723648,4.98930989407868,3.62299166299604,4.69381067885126,8.14480499138765,5.05606667551291,4.39539222196165,3.9448951419437,6.84964997706036,3.72124354122825
2.90551609681505,2.64210746796275,3.38445066057441,4.88019332008935,8.07914388361539,4.78589473381928,4.617103045345,4.77083518236652,6.11136640404685,3.90349918140349
2.86767990276066,4.04968929424648,3.54366248423735,4.95704277722235,7.61057109477619,4.9761863226646,3.62851541836703,4.74993108746712,6.08139759721413,4.08392011729566
2.85561919154288,4.10142744288698,3.54570319083701,5.0071446672046,7.59380722754928,5.018650158328,3.67308976008878,4.25914857087603,6.67232207807899,3.76208609998731
3.72784382947937,5.21650186314615,3.73255445085542,4.98863077572317,7.58878407899354,5.26122910202562,3.68834684928482,3.91763625108859,6.83321326314062,3.79220862413571
1.38079497991798,3.16537668089979,3.35854054551108,4.68000863877666,7.51867844928605,4.77731613107785,1.6994422925264,4.54927641185735,7.22152431804262,4.15830055423043
3.5816618204925,3.40096542610489,3.53505750400662,4.85132137773892,7.48182663328909,5.09315635073236,1.95528730737483,3.58757805587275,6.88176070684695,3.750971984713
1.86210581183524,1.58023072108866,3.39699625109117,4.58953361308261,7.63087349240388,4.79561301839526,1.61159377429772,3.76856832034422,7.20819838539367,3.79407118228952
1.67631324940904,3.65225702802388,3.35849772215857,4.73789717356031,7.43837469873508,4.86607529201318,2.57438267294318,3.95201306640112,7.35066322684812,4.07092038188546
3.83281908348372,4.3397313066189,3.55664674179048,4.30650883428403,7.72211248025644,4.9835611576011,2.02522668146444,4.44375132837816,6.28404062003499,4.2156959357102
1.48155966376365,3.78580151652932,3.31639318043059,4.65864466566226,7.48238129750432,4.77725236321769,2.43533433207665,4.19937218036774,6.66318856539916,4.19652256556087
2.65243710936337,2.48059716574917,3.5342276976677,5.86654709006204,7.13828119935587,5.33985021721606,3.30815697346876,4.76651830116687,6.45752291700554,4.1391822838838
2.96802028318597,4.74163500852918,3.40912038591856,5.25731119569448,7.4487381367394,4.94448022410278,2.48034595311125,4.46656121276819,6.78892034774013,4.07497082115698
2.65243710936337,2.48059716574917,3.5342276976677,5.86654709006204,7.13828119935587,5.33985021721606,3.30815697346876,4.76651830116687,6.45752291700554,4.1391822838838
1.87357246608163,4.22527756159851,3.3483591485978,4.82813126212031,7.46352696534901,4.75450022114035,5.0987448555222,3.99035741629865,7.39381590782952,3.87815385772633
2.2724320119162,2.65833005165664,3.45862832556041,5.18379499795733,7.33745350819781,5.08320118663534,5.51364007321944,4.84591372299169,6.46969396777203,3.77986568428286
3.41407899493873,4.31785484943542,3.66064889114326,5.13822423270335,7.33039161348726,5.31437877624456,5.56634012947347,4.36198515515213,6.86860890013351,3.89028765540486
2.70280283134544,2.55261372384542,3.52939432646492,5.74498797192049,7.09894995308084,5.35658163845437,5.01105602164389,4.71152738684539,6.51313107292663,4.12969297606891
2.93302172176775,4.7225478545386,3.39003359527338,5.12156006722947,7.42369642184509,4.94550776281042,4.14477063778379,4.53698801790001,6.78648554626034,4.03765534178571
2.32251722266711,2.11429460654302,3.43179997819588,5.28905969736171,7.37281610093781,5.04607705615087,4.41830931507369,4.28564669518866,6.58176046962168,3.97547065736257
3.52255598178,3.52111453167283,3.75195898759036,6.50121621424163,6.52288357092418,6.0,6.28965249533857,5.5696859388692,6.36864740821223,4.43557799139384
2.88805621445337,2.65213900510834,3.34364820397621,4.73974502489762,7.56924774894415,4.77880033628583,3.9624131671325,4.10111796920001,7.25964045226806,3.75613538061798
1.80615908946849,3.45078204898239,3.37884163059123,4.77909197317969,7.51018945564704,4.82354878285752,4.00835065063081,4.97079890772735,5.97752359259946,4.29389626566681
1.97961281364841,1.76918456973479,3.3666327281502,4.67362954210855,7.62381094705729,4.77934520910688,2.32454154401869,3.90899501168775,6.61870765666935,3.90953608178481
3.15890698359907,5.01692736693566,3.4539326657336,4.99340802825577,7.36926825423033,5.02395819469381,2.72871249194396,4.30924704924375,6.8829833554681,4.18738988916955
2.74018682360605,2.64580579680725,3.56181979104058,5.58548733298132,7.07608256409699,5.40035262256907,3.51002463489528,4.76075014507694,6.48145850007999,4.21797842366491
2.67066064826549,3.93716297706914,3.56154575699996,3.8580577566838,8.07418749144521,4.73129017390905,1.36585256347672,4.23113469903801,6.82855631730797,4.01134692560653
3.06877227159003,4.90382892836329,3.43919603524719,4.98475420163264,7.39289529862048,4.98625811187092,2.78619282897569,4.46451062440947,6.79350875547811,4.12490437604238
1.99262056296813,1.76616744337042,3.3691175026315,4.68213230512743,7.63016674419725,4.76062211795187,2.42852075845661,3.91271257941897,6.59936462093672,3.88067349688909
2.69020210194668,2.5849665786961,3.53909056491721,5.67615098597341,7.06721330273479,5.41316664990162,6.06965643821522,4.66870590015543,6.59588528100851,4.09926407645422
2.96309626261029,4.80045377300289,3.4068559341841,5.05981846556652,7.38481500580869,5.00994367759313,5.22260823610642,4.4314634709965,6.89825573584578,4.02114003551074
1.36847579141796,1.96784435351588,3.24000123795548,4.97973824657167,7.46929662881674,4.72457839718998,5.17301159066332,3.34749803072561,7.41602192301479,3.65467771816761
1.96722137304868,2.77626120730929,3.39936383231669,4.66544796598751,7.4998374734608,4.90610940726383,4.9740205921894,4.00446412831252,6.76184564542978,3.91384961851867
3.14702994041741,5.0465889209183,3.45979341968066,4.89222953975696,7.32501711180985,5.07773465012288,5.26458326795905,4.24934806370458,6.99333931614338,4.08139653487106
1.96722137304868,2.77626120730929,3.39936383231669,4.66544796598751,7.4998374734608,4.90610940726383,4.9740205921894,4.00446412831252,6.76184564542978,3.91384961851867
2.30038260404122,3.39483721495859,3.51569317285814,4.21241843479189,7.82933039077876,4.74432050745191,4.01664248449094,3.38221948735917,8.41327571809318,3.49851371828837
2.85021498111572,3.44793342662227,3.44803787318472,5.5555341583157,7.09595040037393,5.14669644290786,5.8141690583339,2.93482351696327,7.76828532064248,3.33587579042059
1.83293826445619,3.64351341938706,3.42633220279254,5.50833232669144,7.10154317077881,5.1001393549388,5.71356366138122,3.87782001019421,6.94654997101774,3.70609930698006
1.97363259647919,3.5988929069742,3.59831705460873,4.9355135152232,7.53051735076243,4.89418524333332,3.95345070018066,4.23406887117841,6.6645771211593,3.40103912756326
3.46328248581986,4.60021652189058,3.69570824369686,3.74034024185411,8.21479634254153,4.61080642794666,2.31378516385912,5.14100838987818,6.38840784080294,3.56517865733134
2.13317974418434,5.91552515415581,3.68379344136224,5.19359266603066,7.35052185956993,5.11728526547057,4.25469379655625,4.88104609411258,5.60437127504639,3.72212740393421
2.26478741577276,3.08158537482409,3.49953077102996,5.33914096924516,7.28684420764288,5.1874530557357,3.71943938344597,4.47768934703925,6.64532774707924,4.0430872275803
2.98453333737026,3.75529120697425,3.41962863357198,4.9809515607237,7.47588527132806,4.93702331964503,3.26662532844768,3.97320710426963,7.47554684934205,3.89587419872032
2.36286384464924,3.28148467057453,3.51836863506198,5.37813627521332,7.27359430053596,5.22928605304062,3.76445543785959,4.61967844339905,6.09453415139255,4.09912187161326
2.11256750338918,3.97286213161585,3.4803358821459,4.72428254116095,7.41087433883375,4.99683541216708,5.29869020157537,4.32479826079881,6.20452128019186,3.9768730684504
3.23090121804957,4.12645689379368,3.47412736191053,4.7319802700911,7.40279956126839,4.98719330547886,5.33302583538304,4.06469316879417,6.94542306172784,3.87936635246481
2.05109130940216,1.85611217265233,3.41369655602102,4.50519869632165,7.57761992291934,4.81556663618995,5.04247348187719,3.81981013422444,6.71393353061809,3.71181943611241
1.60054864015546,3.13863312394495,3.35046342095709,4.66023153993187,7.98619137241944,4.80789162910349,5.12297459074325,4.97932594896484,6.48297859035161,4.13811749510526
1.05524915023699,3.11369111714103,3.24127562205065,5.19019145369025,7.6701390912791,4.85024831538157,5.80311441760423,4.81969592974073,6.51722584416044,4.12235477613862
2.39468372105881,3.28900029098001,3.26711548404307,4.93817102141563,7.82727424537083,4.78518972027347,5.47200751432493,5.03177892886812,6.04494698730637,4.24557478299004
3.31284284440809,5.22277763107034,3.52693110005616,4.47790819460927,7.22914039066357,4.90675123085303,2.42613973780574,3.9584121455337,7.37630725711206,3.21479368653951
2.18449391098731,4.69734756633092,3.457686394084,5.06145233649198,6.89878464879704,5.03081962044286,3.189659057194,3.76553562993777,7.38764270296948,3.11739703152175
2.51673763087584,5.81425453757863,3.54867038230889,4.54228229369793,7.18209713485383,4.96935695827034,2.47606790723071,4.35402830402025,6.68660457213964,3.36327436405365
2.70430634839633,5.0583682515385,3.44681778790582,4.96844185304865,6.8865289447488,5.0394141072191,2.91070858420167,4.57354842715394,6.79666822774351,3.42591989463013
2.1028290146423,3.50990041364459,3.41266861449401,4.1879701614559,7.36948438739439,4.70126482022272,1.88236618474018,4.49291115488581,6.60337168941387,3.31993462605731
1.0546836911587,2.44522312885202,3.18690203754624,4.18426115393368,7.37397342139637,4.37419486578228,1.86573498941925,5.1432906417046,5.97970777405508,3.55671176822311
1.6845689309777,3.05222738695459,3.35428565463092,4.85081878325921,7.97603582905797,4.82148252044364,5.5921176035323,4.08933370915072,7.74606650318289,2.9886936454095
1.3660088066084,2.40696829958745,3.27003899936666,5.93085842307607,7.359519254496,5.1008469568602,6.99034982271176,5.37018120085189,6.43745369789625,3.44705432607785
3.18992534989354,5.26521031156257,3.47370738226209,5.15426169280794,7.81298534829882,5.10154023023065,5.977091450882,4.69419182273043,5.76288248061174,3.30298272154279
3.16157024558593,5.78565296864459,3.72682380317025,5.4592583813608,7.65545143280484,5.51445567128356,3.66252400465696,3.46597644089759,8.01607759448587,2.81726228151907
1.71818503475377,4.42062521108965,3.4218511227422,5.67257673940725,7.5117493979623,5.15755553275402,3.83029702430589,5.13179253218993,6.38932559893989,3.50758173807849
2.99557676679618,3.86123243402043,3.4177054208287,5.63632402148251,7.56002242869878,5.12788037380513,3.82328887651424,4.76947083626212,6.5877659818648,3.37551440551784
1.97631036535473,4.15296626257644,3.43194360603828,4.96083755601287,7.89062287159063,4.99892802268348,5.63043812657496,4.5322718899531,7.13179289921217,3.25702207324859
1.91182228672302,4.0922534902468,3.42057282322155,5.58116629265886,7.5346042408475,5.2139678101414,6.45144211311924,4.44918630185958,7.17457360781942,3.22662616563364
3.68010503488203,4.88370107998793,3.53795499944077,5.10423570722602,7.8208517638866,5.19669918332528,5.85237251384732,3.93373217376995,7.37898761317414,3.07425219587674
2.42765944436222,5.12033526671339,3.55494541615738,4.89139006213377,7.91896519328953,5.14507794819844,4.25119117042111,4.42987886175363,7.19049050978984,3.19305549712695
2.35122615732,5.37073487940141,3.54852495195757,4.53737579113745,8.12146339347189,5.00310092637057,3.78336931305931,5.00367569664312,6.5813198952547,3.39489510898079
3.08331839944393,4.78640009552827,3.43519145113763,5.03108422872629,7.85368414306803,5.01578277841472,4.45650099212864,4.48172488231353,6.81401581119613,3.2470650574535
2.77510652268918,6.07599515424856,3.58663294673933,5.36890916848759,7.63533672625216,5.37586774801416,5.02246585601407,3.24754178018786,7.69110048530055,2.85297618596289
4.0186623839085,3.96870688113439,3.6345308209444,4.50633238322447,7.23915800726066,5.08317141004692,0.635054188370827,5.12379302362769,6.56711257393664,3.57860359834299
2.83543947850048,4.70132757763256,3.65785043335238,5.24140855247233,6.78952546275377,5.40175885005899,1.58460265094588,4.66141027514196,7.11845087647407,3.41409334909314
2.44844063734423,4.46174485095861,3.57773370197575,4.42434106842937,7.24813859312722,4.98219251576551,0.457994248374636,5.59148563798466,6.23198698564562,3.7802420464882
2.87492825212176,4.67296886746585,3.40513169294829,5.11729074297524,6.97126445470617,4.92712129774459,3.93177386885853,4.59318008714657,6.78334544073088,3.96623721244697
3.00419236791501,4.88430314014795,3.44158878812723,5.1529918744669,6.92972449026007,4.99470930301182,3.97878175117592,3.9316521138512,7.44012949571866,3.65855543480564
1.93063897716978,5.0571196244139,3.4773231504132,5.47588046370039,6.72833830428862,5.17634916256766,4.3338809246432,4.7857172252572,6.46489577302492,3.96593713539078
1.78259877274403,4.65111391834834,3.42896479374712,5.09869935254365,6.97703500943616,4.9644606853493,3.84868866179144,5.13807981777541,5.41240916574359,4.064362314861
4.13083407620096,3.62209444420156,3.78348329985243,3.89685376721203,7.4588528897017,5.1953394045371,2.61162629574096,5.81585909522571,6.32673143887686,4.64194893540376
2.31513629947037,3.54284426775519,3.39542670149422,4.73452536046167,6.97676377450509,4.95291246107641,3.73585683618113,4.14301175621208,6.81372429494431,4.11249832907927
2.25455034792241,3.50879557555108,3.38371865368949,4.69503097465427,7.00885186115234,4.92087308650139,3.65934319211172,5.02662505799384,5.55592722520565,4.43471336689829
4.60688886342569,2.85263169958431,3.703557575192,6.31705203555935,6.08198888451065,5.99050474402868,7.47,5.4113378757375,6.56134163055127,4.30769124121783
2.82606619572177,3.76365275146972,3.60994308297814,5.84129583408925,6.30538720616207,5.69076714656905,6.76259013560098,5.81657403799115,6.18737197561865,4.51455287113118
2.5332361811999,3.69729794422473,3.54900067721814,5.72304802022304,6.36264762479188,5.56011154518359,6.57851541805703,5.92194495642031,6.05069090985637,4.58412041077362
3.0259084206819,4.92926401604405,3.48769543789298,4.84076297657286,6.90027315194283,5.03128705747402,3.56895292871743,4.49660822281562,6.8500635942395,3.9832912159718
1.82172263357675,1.65496276288308,3.396238603902,4.51683861675532,7.15898756241004,4.78209208550836,3.15354942367616,4.13293720741623,6.56885916320064,3.69732286745498
1.82172263357675,1.65496276288308,3.396238603902,4.51683861675532,7.15898756241004,4.78209208550836,3.15354942367616,4.13293720741623,6.56885916320064,3.69732286745498
3.47921945501789,4.79716333497765,3.55131277375999,5.26633998168501,6.91835836646243,5.16121635481802,2.22410842140656,4.4764346722655,6.87875944164366,4.0511095986675
1.96246895512943,4.72856716191843,3.47565700806868,4.58035249879247,7.29746119936327,4.80732746513333,1.28518404093786,3.92216352891829,7.31533422173784,3.85751448422502
1.96246895512943,4.72856716191843,3.47565700806868,4.58035249879247,7.29746119936327,4.80732746513333,1.28518404093786,3.92216352891829,7.31533422173784,3.85751448422502
2.39134899067727,4.07349021813853,3.54321010578449,5.94584222588371,6.9995422007372,5.465652383445,5.16071153091883,5.51983120505642,6.37005609666078,3.41469095290893
2.61609036554489,4.666199595667,3.39250696863574,5.18506577664071,7.43239935078405,4.96033754253892,4.18081389288461,4.7412164951547,6.70744083221068,3.20961685012092
1.92285546181644,1.16814560939592,3.29939300011684,4.84664032965327,7.71042062589365,4.69927381745254,3.76261125763219,4.23262020217621,6.50561283922533,2.87081891085077
2.502366962558,5.12246763330803,3.54155380697348,4.86219505613593,7.4769192297814,5.08448829425359,2.72473015138425,4.43543837505086,7.1509852290483,4.04243725289853
1.94556935408909,4.0794206142879,3.26511092170034,5.06329324492828,7.36877642419232,4.75589179482446,2.99454769313195,4.72287315339983,6.65033153732727,4.17479805593551
2.56952593863272,5.03248137430516,3.52943249321145,4.81906724330609,7.51384130106417,5.04948039780929,2.6475067801279,5.28281388230799,5.91303466131702,4.3514452794532
2.18159124718716,5.3652354725091,3.5590746648997,5.29489158150641,7.26979343968128,5.24777598599859,4.08633543445856,4.83212939725862,6.79315766801139,3.89877954409197
2.87332295018583,4.6731330809499,3.43304373634405,5.02215074226123,7.43258050565061,4.95679117243395,3.71119480359892,4.68054953818912,6.71823591941175,3.90585086675831
1.30789254934002,4.08274039588524,3.33585886789309,5.93820488445778,6.93508516240066,5.16678392183498,4.93415157794302,4.12402490367659,6.36733214981099,3.64992310847973
2.2283755574362,3.89023051659871,3.4864561796083,5.24779437792478,7.21154393976548,5.1450733304544,4.80568515372222,4.57406924520496,7.12503262095957,4.09173300188296
3.98412385187506,3.96903914505,3.59874147147032,5.70646270113581,6.97270380481118,5.46773245181397,5.43644345942206,4.77961733729368,6.70405829071044,4.16992263206161
2.2283755574362,3.89023051659871,3.4864561796083,5.24779437792478,7.21154393976548,5.1450733304544,4.80568515372222,4.57406924520496,7.12503262095957,4.09173300188296
1.76699592243825,4.39704070024676,3.39681451165724,5.19202180254644,7.45733379145979,4.91167179508447,3.86302863130134,4.53952590949358,6.64054804133796,4.03968511619281
3.10887573311237,3.89836069550718,3.40403959256047,4.53544034797571,7.86162154018574,4.66695717339262,3.03501649696541,4.26028980165929,6.79621185525947,3.9380172671892
1.76699592243825,4.39704070024676,3.39681451165724,5.19202180254644,7.45733379145979,4.91167179508447,3.86302863130134,4.53952590949358,6.64054804133796,4.03968511619281
2.44950106429319,5.02011429060649,3.56288828939055,5.78307336029807,6.81873118079598,5.5697152340341,3.78523182239705,4.08798598926741,7.47945463926017,4.10714316052697
3.65195378150738,4.979906792627,3.55105149691723,3.58438194085221,8.08779814016247,4.72262209750682,0.867568731014541,4.87237746986145,6.55133849650003,4.42237383033313
2.44950106429319,5.02011429060649,3.56288828939055,5.78307336029807,6.81873118079598,5.5697152340341,3.78523182239705,4.08798598926741,7.47945463926017,4.10714316052697
1.99581862435753,5.47817800188965,3.45534758000736,5.08165496501455,7.33036415071599,5.0396677863382,4.08455718851118,4.58968641216325,6.74946655596378,4.20215867371571
2.88999892548759,5.08659309493583,3.45244494326111,5.05627617189405,7.36415749941882,5.01889330508102,4.07965539576363,4.33605844921418,6.88837978485336,4.10970906429243
2.03241885924699,3.56132733867657,3.4075461179145,4.90156642614341,7.48385591494101,4.900232007666,3.87335652322662,4.22668648112635,6.70808935030717,3.99313968541069
3.92543815699016,6.44089474097704,3.85675968599382,3.79507710275063,8.14344987912977,5.10502540635491,1.01189398292671,3.1596724085949,6.90683485487158,3.60350454686292
6.0,4.84127252776721,4.0,4.49058985568114,7.79748918040408,5.55692000932589,1.97917195323478,3.28610771666404,6.9266488755505,3.57086056787734
3.27518012695742,5.39844646865672,3.73592509859882,6.12039829614841,6.77239641414578,5.79784914594161,4.11583245193715,2.25938172235054,9.28110587683119,3.25778463580387
1.69138447511029,3.24675649684787,3.3425745693482,5.30886334130631,7.56205583091481,5.09572454016056,6.15583815156858,3.85106736270735,7.87892787815443,3.92071693463845
1.75587802890035,3.30747656537347,3.35394615556831,4.6885396275619,7.91806765963117,4.88068837671756,5.33484079478041,3.93415295080087,7.83614716954719,3.9511128422534
3.64210221864141,1.36138880196935,3.45883823346337,3.98641428189411,8.37482020990008,4.75476216330242,4.41704107277008,5.71000784590097,6.35638868530385,4.51162861795402
0.700877493926503,2.49489193391098,3.17563691283282,4.40180357192816,8.20651820332596,4.4024355483527,1.68119333540937,5.91127058797877,5.93986593870179,4.58721175942015
0.571895861504742,2.37345909305574,3.15289454379598,5.64245478056337,7.49449165662013,4.83251182396857,3.32319467874182,5.74510031261406,6.02542321631243,4.52641636824816
3.13886664212647,5.05263140911737,3.45878007496943,5.05610782847455,7.85634612172194,5.04674837538722,2.63165980021698,4.64391781289611,6.21469801506784,4.16076203298963
0.79192805058191,0.534253198294527,3.12468458395525,4.14742924965023,8.30794040704579,4.27840079158562,1.73816544538476,4.42415647629761,7.75786579901929,4.08076891909928
0.181778750369501,0.0,3.00265157304728,3.87219578757613,8.45588361521072,4.0,1.31102470111866,6.01277670639301,6.20716950594539,4.68270439819803
2.81363671693415,0.341510727473895,3.27296880199512,4.42616309298867,8.19635851952214,4.5839081055727,2.22083643116403,3.10946783726721,8.93668420633225,3.54338253752557
3.58270033032954,7.5,3.80809753001589,5.10195706001067,7.78483474299777,5.5917284483156,4.20018830547377,2.09833786658396,7.57707017076535,3.26130216715611
3.01013795735079,2.37940338735338,3.5203206032386,6.35015240858859,7.05899194305356,5.63233101362125,5.74699437008993,4.98069249965328,6.85240313179119,4.24193784226769
1.10438521063674,0.322947825442847,3.07462665992307,3.96881380219721,8.46197336969977,4.10147039763632,2.52256986952422,7.0,3.5,5.0
3.90301646029521,3.26083429235071,3.73211888601802,4.31193112174462,8.50716869471796,5.1021943113778,2.3898411278763,5.98842860817021,6.16891659757988,4.46637198094571
3.71503919740999,3.36295986512143,3.69524427568831,4.3398138938696,8.48987173641782,5.06016900916849,2.43304799322926,5.80650700868621,6.29707798494831,4.41143533441898
4.03075591275955,3.204889429356,3.73170440153519,4.30830898228054,8.51199298805359,5.09922745938901,2.38914466020156,5.95219081364559,6.1887672391911,4.45316496968137
2.78147245324368,3.68720302134973,3.37267322031991,4.75236372939315,6.99994151698741,4.88230903492001,3.83208072425186,4.30236954551744,7.31841267212255,3.92078799323552
1.70262431859838,2.50167443998673,3.34764909289562,4.64571592582924,7.0943176443869,4.81290128580719,3.6725574959594,4.42556820984127,6.53772131146307,3.89326619548243
1.86456633982736,2.67360615990801,3.36627950712515,4.68289638091898,7.08348472959774,4.8532489842476,3.71722384791144,4.54944510927418,5.99685167898896,3.9426960534737
3.48472306992615,4.8092050666891,3.51575134456327,4.6075091062962,7.26067651460893,4.93208292987539,3.07372093361646,4.6178051376375,6.82981095855589,4.07808839590317
0.97883248605557,3.45237078007093,3.22846204662043,5.13058731704846,6.9495398165866,4.72322928759036,3.7169767878262,4.72967015433029,6.60011635594046,4.11541397451382
0.97883248605557,3.45237078007093,3.22846204662043,5.13058731704846,6.9495398165866,4.72322928759036,3.7169767878262,4.72967015433029,6.60011635594046,4.11541397451382
3.0028070960289,4.72208232004564,3.48765692738426,4.66848514422278,7.11851374336255,4.90779505096071,2.23023243097114,3.54420071878961,7.50768256893377,3.63110031177318
1.94996854835408,4.87970952770851,3.46001406741591,4.61536798091095,7.13006519044067,4.85469561218278,2.11360821774335,4.53945288716064,6.66176586599223,3.98973031498252
1.32244544021173,4.37043692779436,3.32670203939806,5.42085123213491,6.65685270287215,4.96515869955359,3.14002988121933,4.5476573892156,6.5981706234835,4.03831067348067
3.14886978473832,4.98747449311631,3.47275260293196,4.95477057576952,6.909801218309,4.97063391337602,4.24089360517093,4.33680911496104,6.87648008001752,3.99561098264963
1.82529215844877,4.52773402191754,3.4416267909823,5.52130965147787,6.58225595068217,5.14563158216683,4.96330872174263,4.43454168190358,6.70013248166807,3.99276997770549
1.74853113988022,1.31337464845446,3.3436204559991,4.55285436226045,7.19501544299005,4.6377729468005,3.73545799130243,3.68915365691778,7.69686419794507,3.59757105053431
4.79607554870036,5.85374160550213,3.7679381841957,3.18293895004589,8.12540946577918,4.71417753931588,1.45234204500273,2.0,9.5,3.03449571648437
0.863012196667203,3.46520775117327,3.21356056365399,5.18341228102192,6.93251423228802,4.67315522271286,3.90875709065541,5.35281346541093,6.34431133377095,4.32358768482868
1.82463088536106,3.39365650878545,3.40919501095556,5.36413988099398,6.85259122438233,5.0185176793323,4.19047215050978,5.50590767677403,6.3613644669632,4.29432360306466
3.02056750368697,5.92733446590157,3.64603027630265,4.68543881298172,7.06918334445083,5.13105881550875,4.85649084614388,2.49623270926984,8.95875049095149,3.04551407547352
2.30922647473911,4.30774302338947,3.46396395499446,5.57794355431594,6.5516243829249,5.20093846768232,5.94221172697277,4.30120304758482,7.27498677905636,3.73253508615515
2.1267087888349,3.44715631826044,3.49123708522839,4.79394107379913,7.04950504901138,4.94715214032445,4.92152894649541,4.81300410604823,5.96396245288508,3.82480636166799
3.12759011906195,4.97091860070667,3.45131190552053,4.35164734482022,7.27036297189572,4.76065333019112,3.38444242950678,4.48829687756848,6.82913581506579,4.08097130254948
0.0,0.99256913989426,3.0,5.38579834466019,6.68828131940352,4.50109530151678,4.73407859815114,4.96045349066064,6.97981420647278,4.14840444669878
1.85891625332511,1.63590457521606,3.34848470383498,4.64805674455025,7.17305977510034,4.72650001855349,3.79004954076588,4.04154652399983,6.59070659543729,3.7646057660082
2.77829031761339,3.95621375665473,3.39816911596083,4.88871879666055,7.44435848943967,4.94618685506105,2.3297505510519,4.07073601850284,7.39216675256213,4.10659099090291
2.04844970383713,2.37500313740076,3.35285539100924,4.73038188854425,7.56888800032426,4.82455683278712,2.12274858108405,3.92513250581466,7.23172146243028,3.9768097444052
1.90934807089082,1.72834496433355,3.34862068955711,4.68658660099018,7.62272518561844,4.80260637817895,2.0635775051028,3.95808740040768,6.62055243589393,3.95475083742861
1.81487760367393,5.19209124854327,3.56308476697061,5.15338567054511,7.42101555514669,4.98160584514042,4.25927761406939,4.8607113368965,6.59945924754914,3.62196626275431
1.66984422631915,3.49517417465481,3.37854001189391,5.45768493526027,7.26443841799814,4.82370085848285,4.66375549060763,4.9380569644857,6.55602614182492,3.64580613310791
2.08620384409686,4.79575321766171,3.55696821440003,5.46064998924752,7.26026371958274,5.08560636739039,4.64916931023632,5.09806471458806,5.99051894157046,3.71592868131386
1.81841169213725,2.99193058538877,3.51911589139508,6.07687788759698,6.87705126604523,5.27530214117118,5.34388376437548,4.48057558713367,6.58069025614338,3.22269164459071
3.70523121168909,5.68650494294152,3.88302328086682,5.42296248753377,7.25054312658729,5.55401640454017,4.52617059594022,3.87298644907755,6.91560696295416,3.00992320193344
1.81841169213725,2.99193058538877,3.51911589139508,6.07687788759698,6.87705126604523,5.27530214117118,5.34388376437548,4.48057558713367,6.58069025614338,3.22269164459071
2.16686315207755,5.26322464763218,3.58830134597669,3.63963923285289,8.10121893747123,4.69970448033562,1.62791468156632,5.52167776781749,6.22073059787613,4.18474840263705
3.11200703035176,3.58692489931525,3.49317165583831,4.12255153482062,7.86617845867038,4.7314904354041,2.33449105398186,4.57086964773148,7.120203614434,3.80680960901918
1.69852857005347,3.42920929663763,3.44400909759096,4.75596490747574,7.50808921490961,4.90629360170545,3.14513278282783,4.62867686229641,6.52121417096556,3.80506532117175
2.38852299520836,4.12000723481468,3.7546246149392,5.7683051277489,7.03707984649172,5.47159229595203,4.75331599519029,5.59335542350709,6.30167555393651,3.57409739562317
2.86874461628333,4.60084389388608,3.60309372735033,5.00027813492095,7.47958847248294,4.960343954058,3.7720187920505,4.74227762440466,6.67874643871124,3.34260670948743
1.05151599397778,2.40528530647129,3.42416869424129,4.32252218572424,7.88517708079594,4.45641418385119,2.88503713689637,4.03174140574158,7.60913715899045,2.99936344697079
2.88293238719464,6.2546132184531,3.78796999811814,3.62398098298524,8.21138149687172,4.84191330951668,2.63937744146516,2.83703194861931,8.80381650364964,2.8602520359335
2.9052181881832,4.67852613090088,3.53619061924973,4.97672968033308,7.44215674925438,4.97442345419513,4.36261620374494,4.66107689392636,6.73620440310358,3.57467911264574
2.37214339045063,5.60456921421868,3.6927662411166,5.32797149891218,7.234021998231,5.33928263423515,4.85931011486362,4.07103164675158,7.51813376535903,3.30142739619334
2.6218424821854,5.17984029294241,3.73251417089197,5.55445793757405,7.06431918305151,5.47945840062787,5.26124042657504,4.2325545065122,7.37957310732783,3.46765381149419
2.18319976831825,2.93871301594806,3.35659163287376,5.55352640537065,7.07444187862141,4.9295064097006,5.21575412951714,4.89918775471821,6.58314494705184,3.77584892973323
1.33857890005148,4.14093017763284,3.45194562448051,4.70504838707496,7.54338113219591,4.75989885178315,4.05728858045859,5.50067211412662,5.76081550838598,3.98493680706162
2.82918209718316,5.51356302263792,3.67614925024988,5.22503952375675,7.21420007420986,5.39287709571643,5.639902010397,4.07031439435549,7.51851474282801,3.56505848608418
2.73612598600508,4.64478549856608,3.52827399164036,5.24775631834316,7.19328167272834,5.18631771434842,5.61490253127127,4.28584432559563,7.23660359463734,3.70911069833257
1.81457933318751,4.22903091531164,3.41295705124997,4.1056933681439,7.85161066000432,4.59728825396781,4.08207156742334,4.81148740892892,6.48599219422839,3.89768948573886
2.85552345001969,4.73558506831685,3.64531377409035,4.37065525838093,7.59142850489561,5.13137833693474,4.89180866581832,5.26747609794936,6.48915053013387,4.33391315991805
3.20675930479323,5.0949985978694,3.47104010234248,4.84328071594339,7.321910584181,5.05020594594163,5.55251280601098,4.25023427340648,6.95177319532236,4.04163295408501
1.5211995954886,3.23851611828946,3.31842001448074,4.863844115329,7.34498074753704,4.84498228251754,5.57657756849214,3.74059600847141,6.8233560752424,3.78006179160983
1.79277276963175,3.23222625116634,3.38441154602251,4.79843787717969,7.51506488229342,4.85114393893377,3.53079081833481,4.31221330072454,7.15377545771908,3.86422916846433
2.76672731525371,3.9989708272377,3.42424750435471,4.90209676888973,7.45886193003655,4.94191940788256,3.67650209776511,4.38207172510275,6.76258851215064,3.93232433743128
2.00722367788959,2.67359465539249,3.39818654304012,4.78638357086245,7.56531043845182,4.86509110777246,3.51521927964171,4.41469510329899,6.03150312432473,3.87178832217299
1.90117695712458,1.96347151958579,3.3568418838105,4.3328181402554,7.78802139757308,4.65045389484355,4.79777616220769,3.62702955464344,7.30115621157879,3.60423011949167
3.0940060389061,4.53518674421718,3.44365033526989,4.60932005015321,7.58797526776244,4.8747317632019,5.15329517157308,3.98742392003551,6.99103262089181,3.85493484530014
1.80188953808228,4.60050178248981,3.38596903218,4.94172331118197,7.37490335026879,4.92455199774623,5.54838582647101,4.26319544855767,6.86259313863876,3.96999560139324
3.38601734423869,3.37071180310035,3.77158692507221,4.51350331014696,7.8285317086565,5.17747658596945,3.87225203267482,3.38090073486441,8.84194716818685,3.14837946412487
2.62250340240489,4.75787703763331,3.46418073058869,5.14137699067908,7.4364908068613,4.96642276985022,4.65423107519172,4.6570111135103,6.74586419525602,3.76148655753971
1.95414311649532,5.29341637734286,3.48550674688413,5.20212392740208,7.39427864641395,5.02606184826837,4.70345614718584,5.01639572739648,6.07600665469795,3.8967625193221
1.98204804388054,1.75888820815228,3.38480442825777,4.60161777717356,7.62587885831656,4.76683323899717,2.41645665391553,3.96541403524553,6.58170724453235,3.84743178792184
3.02179072841761,4.06451856375641,3.42801321914808,5.47657876611909,7.05285372629288,5.15223726740806,3.52441057267457,4.66475229155838,6.66722254333224,4.26209344325244
1.49829197211099,4.01801363520559,3.36496350376686,5.0966576063101,7.26652833129139,4.92819457584857,3.00121703295694,5.2374474836446,5.96708500920884,4.43655131125035
2.94453754437801,4.57007229408257,3.57500368093321,5.53106648376388,7.08814703147735,5.39842995747036,5.01782884779412,2.54586454875381,8.68945716345968,3.31393388557105
2.79613055071632,4.4806036990034,3.44425303997986,5.24925119458427,7.22882660157524,5.10103472077105,4.57124656541113,4.87644855223688,6.55166412082266,4.22052558632804
2.42060027932862,5.08249784595794,3.5265214620353,5.42824972631987,7.12934722047131,5.29133127344478,4.80454266244151,5.13046224769391,6.01848764602686,4.28623043252587
1.63828286345498,0.97831747053736,3.29322371532715,4.6452229088066,8.14189607148083,4.66671719342708,3.77663638541093,3.56841448554026,8.25568147140676,2.8384672052491
2.05331025736748,3.18308671059828,3.37787152139623,4.89605151602911,7.97155596898635,4.88388338986142,4.07646959441715,4.14292861927371,7.23516177451868,3.13314247421443
2.88122730002022,4.96419662560269,3.44202311037984,5.09338497186877,7.83377655099484,5.04734640944028,4.32849794106241,4.43051497839743,6.84482310576457,3.31895249327041
2.29433732648451,4.97099891375051,3.54224896722885,5.38820309310279,7.59439627824157,5.33701078279975,2.01809050185425,5.03453406184305,6.52309984007076,3.64135203232787
2.52474017938108,3.86338831834864,3.55389620159315,3.88349992863541,8.47502066475713,4.79061300375626,0.0,5.48841671535782,6.02385907713689,3.7770758263059
3.17314126546403,4.93172691799,3.46441006321489,4.98606447948165,7.83978906298224,5.06654831916337,1.52394298752043,4.42783431432792,6.8108575437225,3.45957481095072
1.86040004829079,3.08298983736492,3.37380379990859,4.78477773693311,7.97875855297067,4.84316824900361,2.78784396017416,4.08567279435987,7.70997107479576,3.15476844328017
1.79591196965908,3.02227706503528,3.36243301709186,5.40510145067753,7.62274672425431,5.05820616359141,3.60884131696233,4.00258720626635,7.75275178340301,3.12437253566523
3.01220940116082,5.20795348087549,3.47521663247341,5.05647464234343,7.81930650337407,5.08732821361845,3.12919099595202,4.62101115070475,6.23788900148959,3.4394417542608
3.39424636787215,5.20281817459398,3.60846376643824,4.40305985819978,8.2575385883603,4.96515263260492,3.79196920598066,3.45112783456952,7.99068441041086,2.86915610757043
2.05404621797751,4.5496414784173,3.45218974578983,4.46809606566686,8.20984284835722,4.76882190068854,3.85717633094398,3.7229615376298,7.84665341807929,2.9607202330199
2.5493631318553,5.13360530885749,3.45093839355636,5.1208382811755,7.83331067244013,5.00669816447794,4.70375483378499,4.52382881928375,6.75154378143672,3.29101519109616
1.80711989854148,2.37238651416111,3.45438787742447,4.76245174366638,8.06201286291927,4.80773940972399,4.38513663546331,3.99248588979102,7.19062548078191,3.49718543818016
2.00326728113609,2.77217780946603,3.49206238696297,4.8404435973579,8.03550913595177,4.89140332847409,4.47517906655433,4.27646408251062,6.08904656861623,3.60925115030399
3.22575111874612,5.08805858668866,3.55961807478537,5.07432179716669,7.85354400861046,5.07087979938355,4.78497892407527,4.45863780694253,6.34955757842642,3.79071294040563
2.00648436163949,4.49012539057428,3.47363662943038,4.90805732181992,7.87073048730487,4.99162129256064,5.04465433425739,4.47366690420669,6.69108982514363,3.89673065034363
1.91535475310263,2.62921717521549,3.42625128546804,4.73159216416807,8.01939795819426,4.85515379230709,4.83415013664755,4.14690476769441,6.6298619778758,3.70091867330294
3.60484258166517,4.88070361809265,3.60558958453438,5.41297651748564,7.60898216727251,5.36205021151306,5.72183488923253,4.89366628103358,5.67963574998298,4.05736793196086
2.41528939147618,4.01965011260712,3.50234462135036,5.25201607822459,7.65727553302366,5.24475721138575,4.49709285118259,4.71899439607053,6.59442967362671,4.18399320220793
1.98943758222893,2.6508853913915,3.38105821036292,4.70785649453547,8.00547397168877,4.86602085332041,3.79910252181743,4.12972951119553,6.63244582548435,3.931865535186
3.05452587026743,5.27852847148526,3.46827992777961,4.98798054389736,7.80060354854251,5.0932634978078,4.15531799885755,4.52635542118795,6.30247709038302,4.19577497672622
2.09016106005252,4.47314465390474,3.46787917652978,4.93367050780666,7.8830588645726,4.98102525853959,3.81774717806736,4.45220357869546,6.68029148383124,3.98816378415659
2.4361183140028,3.89762620494979,3.53554439769708,4.38416589335194,8.2404853573425,4.87172396885981,3.12093341339114,4.42663534842823,6.18287759566499,3.91372265794605
2.85989115856079,4.07548592677193,3.45347716030683,4.8706083986108,7.94652619687804,4.92969657984659,3.73667481395586,5.10030201527735,5.55148781937343,4.22453757453611
3.8111830958989,6.45639021459733,3.88054458945436,3.07493313070744,9.0,4.80637908087607,1.26982579626495,2.23375717742893,9.3404042133683,2.99260915530265
2.75414363226456,4.30905443809052,3.66463140138745,5.79330336420048,7.4429939385948,5.50725238401248,4.76025716546709,5.20358784004738,6.48779782413433,4.06444627827554
2.97276441162081,4.08680179270021,3.52180801022689,5.59830826319588,7.56075343364288,5.22497549679489,4.47543917966202,5.12077011165474,5.93071257357726,4.11222974564338
2.84150466064911,4.58677508357771,3.74036854880459,4.83905829394617,8.14897837624007,5.13443024195008,3.98320763927529,4.63413011063413,7.12249249783972,3.64239021002311
1.79330172204163,3.35478762008738,3.49189522696954,5.08935699703148,8.03002109552183,4.86962803692837,4.31818956349201,4.35783425640412,6.63828582118704,3.53933874223175
4.02741071275662,4.07179765405916,3.72061151260707,6.04295516542623,7.50406201633052,5.54462485962167,5.58670693766798,5.1312458865851,5.5978981353569,3.82778303961713
1.76688723686773,3.15402765112586,3.34981975125099,4.62275571482736,7.96891966771123,4.83446790253536,5.11376482849955,4.88347906172126,6.54397394669098,4.19150289933768
1.9141874368102,2.68538231435487,3.37571647715278,4.65382797958476,7.98224315258686,4.88342296781834,5.1754166610628,4.13857820629198,6.65965353862094,3.89005530690118
3.12532004425496,4.2986746479075,3.43862500096913,4.84028248771861,7.85894630590212,5.03798343683538,5.42533202290785,4.31746993161462,6.328846163506,4.03624402687769
1.84339268073978,2.17586792589674,3.3622806818849,4.66202281246349,8.05752036182086,4.7533092135056,3.60826789783571,3.86844214193184,7.70117431182799,3.70784597843815
2.14897733141416,3.4781348341453,3.42344185310915,4.82643366379811,7.95909844708987,4.90372388259784,3.80321087901623,4.29768427937391,6.64012568609763,3.91121353324538
2.94723135047903,5.51507919655847,3.5068457906076,5.06638456507001,7.80324091590216,5.11198610204051,4.10095174774984,4.76349752938204,5.67914691964946,4.16626520759867
1.20884837657598,2.38393040176295,3.31079058049077,4.36976562548053,8.3008883658534,4.46820270224052,3.87446168619378,3.49194525493453,8.3834338023765,3.36164281153203
1.30692480545245,2.58382969751339,3.32962885964494,4.40876217320389,8.28763454599283,4.51003569954545,3.9194777406074,3.633933450472,7.83264020668981,3.417677455565
2.95084922604706,3.90486324028136,3.48527346234518,5.00191143624474,7.95155393515233,4.94869671897466,4.7019122406413,4.2173107705929,6.85180073395959,3.67621778996523
3.24054544396706,5.55593669754123,3.68863150313912,5.26482389961855,7.66862441481746,5.46045157215,5.92031952409666,4.02027817621226,7.455765159048,3.76751461971953
2.81294074552708,5.48549398007284,3.64729910841444,5.61447083586063,7.47126484355731,5.53429697174123,6.35623786035529,4.22064148192317,6.89560016558349,3.85936870209617
3.06121628071184,5.00739717593738,3.48522295361689,5.37685326652221,7.60710534107471,5.2072183623598,6.02569040044197,3.95960311257038,6.9091495155236,3.8379163856414
2.25212185236639,1.52090687143921,3.42362377336806,4.6072223042067,8.12617770829617,4.76434569175297,3.29751300313727,3.95383237601388,6.58357668129595,3.56599702553864
2.05865214131292,1.33876125825432,3.38951062151448,6.4682034912431,7.05813253084721,5.40946143011181,5.760518333014,3.70458186165758,6.71190917031696,3.4748115982264
2.49827414762799,5.21476060738316,3.51819027878562,4.95833776863199,7.83125975883515,5.03579857097022,3.71817169589536,4.5892426504669,6.71595219944036,3.95101976952043
2.54576756216645,5.12245851999835,3.43525163446749,4.99783004624944,7.83154413263372,5.04282288368391,2.59028793199526,4.61423542261251,6.71810424436556,4.22473578198862
1.83423326665443,2.58281771346965,3.36603717846948,4.74945200102597,8.03281612461743,4.85147590850893,2.27768894426317,4.28713551977917,6.53696553300504,3.99044797707575
2.26541817329856,1.20074520867076,3.32164103374096,4.60591447078073,8.14212320297319,4.72805688046731,2.12426641961039,3.81871760494854,7.14644764271346,3.7770784642838
2.24293954688438,4.50281379665438,3.43076107965612,4.84514871528763,7.84845852445335,5.00953915643217,4.09806785100299,4.38739932500866,6.73053727007195,4.14271589365857
2.13349814492493,3.60032847237436,3.40727483309252,4.75873095939974,7.92037671221684,4.94278873080497,3.99316730091349,4.24213447946386,6.69000284403279,4.05141405097516
2.72663334055738,2.39017797616036,3.38150951771567,4.65237140073384,8.01884696302977,4.8597177259187,3.88441112821275,3.89759256324381,6.75861118166325,3.88747439617448
2.07305508972555,3.72297141431538,3.42307120061179,5.17721405700609,7.99087286286086,4.94141789489451,3.58135012698375,4.67731478237885,5.49150802346679,3.97734944732518
1.8808303512305,3.7181864974481,3.4121140988745,5.80116617487137,7.63002993878211,5.15942245848147,4.40305058120276,4.63046073888568,5.51444358765969,3.96015825544199
3.99974395223931,5.2037876519004,3.6463429718776,5.82278757408634,7.62433422424857,5.49746013613269,4.44244684034549,4.71910169348867,5.07959495341521,4.03124724456567
2.83443228070278,5.13999172522052,3.6535532527436,5.811282313146,7.55203389160643,5.53311163671514,6.01770900992959,4.49336094138163,6.74807723211332,3.83813702076206
2.04210573551559,4.04367353909141,3.40137541445591,5.86407902226232,7.52162147544833,5.18715365051885,6.11871261351453,3.96950999231128,7.56990306750079,3.65814117950265
2.69055367961608,5.07035525820212,3.44859650789935,5.25115662615552,7.86825133767042,5.02499755528533,5.26326367020976,4.66042935203469,6.26077221047238,3.97679238536616
1.75695292212265,3.16447556792954,3.34585009499666,4.25332565769057,8.36409715161425,4.5814445267364,4.21386553837839,4.88644274480281,6.52710770336808,4.19288578628049
1.85502935099913,3.36437486367998,3.36468795902868,4.29232220541393,8.35084724450734,4.62327752404132,4.25888159279201,5.02843094034028,5.97631824728524,4.24892043031346
2.45944490862621,4.30670600281971,3.30000013412635,4.60598667474209,8.1562405210255,4.64202032760229,4.69238494541069,4.57448663722635,6.29778097314598,4.16105978556788
3.13207693990892,4.91095095761604,3.64323375541243,4.12642745892518,8.40731533843268,4.9641640818187,4.16761340877391,2.88588369683123,8.77290549450838,3.42156002898589
0.817808853415585,2.207222735791,3.13960324172605,5.52805621637048,7.60841123385254,4.76141109593035,5.94039594387987,4.61758582818912,6.69766467547419,4.07920440575454
2.74574537104512,3.86542397342194,3.38603350015922,4.93659942252441,7.94907484861045,4.89034598940121,5.16018778158389,4.86178080918828,6.1803478258046,4.20710460543136
3.26864378710006,5.30582508987866,3.68634491364722,4.60314841572345,8.03092386051346,5.2355699117775,5.23503009583569,4.00853707348259,6.41577830847593,3.79782340063032
3.17056735822358,5.10592579412823,3.6675070496152,4.56415186800009,8.04417376762038,5.19373691447257,5.19001404142207,3.86654797712279,6.96656776455877,3.74178875659736
3.59495855518111,5.37246586410917,3.59701762972201,4.4320779481002,8.10382304760807,5.03815283928088,4.98510485041178,4.64141242899231,6.28248159565509,4.08960079090194
2.30164666720021,6.25358689621519,3.57873268187025,4.51787439991424,8.04960520690504,5.05742082889269,4.41083640804208,4.23061545673439,6.34172909893525,3.97908758631926
1.85445684792753,3.58156169374699,3.43996923276869,5.42195050130965,7.56291112166535,5.19052458876606,5.63005832675981,4.15909841378173,6.78047911180611,3.86339018403705
3.23617384463408,4.74934245086885,3.50141665508673,5.29947185660638,7.61120890598393,5.22722244285933,5.48106871507026,3.66906450127251,7.58669074591937,3.76890171148463
3.59927029460199,5.63131857992034,3.89116728236989,3.6479579663439,8.67352935113568,4.9599397950731,2.86087236145202,2.50021591487087,9.15760585739145,2.93841237078666
1.88162145398439,3.51534642043701,3.51694551022207,5.52375247067902,7.62255736755765,5.11863474587955,5.29424030856427,4.19954486501742,6.68071296839619,3.5427202329833
3.38304427848398,5.33330837421542,3.60964697787881,5.12525140867094,7.8468496250911,5.09701982160999,4.76747127060393,4.5672788293707,5.77617643340166,3.76213478887596
2.92257452216863,4.88400659420741,3.65926148067738,5.90585071388983,7.31589171652743,5.67046140411459,5.30324068418967,3.7932048346139,7.85887060927246,3.7366567020994
2.69332890065276,5.63332782405743,3.62100766022733,5.06576542578342,7.79447272434481,5.30326636229013,4.22236859173635,3.34461985320696,8.17024553491891,3.59283853472869
3.08547272367339,4.89695457356566,3.44663957281839,4.98083807285399,7.84908704480742,5.01146852145031,4.07887745432773,4.42537009725345,6.82193176393245,4.03753165988739
2.60329598030957,4.74750384127996,3.67233964095174,5.62423483826948,7.62639025233612,5.42106731677655,3.99984925354076,5.19011759747357,6.4841117576086,3.95698176038168
2.41531458354466,4.84962941405067,3.63546461549988,5.65211761039445,7.60909329403599,5.37904201456724,4.04306644115752,5.00819599798957,6.61226900537318,3.90204511385496
3.10704628654334,4.15752702249147,3.50943410206638,5.37937174824769,7.77188324927843,5.08805532813249,3.66791918054177,4.85662238884433,6.53734175957666,3.90911873205388
1.69612935973563,3.09222064312002,3.51268823536305,4.96011964641081,8.04002000475284,4.81542855286255,3.83489203901209,4.00530462079321,7.73839703157459,3.35296941224169
0.681566911338453,2.16672258555229,3.29438752110503,5.61573090035637,7.67524730293154,4.74522775917003,4.68428457715674,4.71459386580254,6.60671887154332,3.6153875863581
3.34751914774104,4.29083822879495,3.60779433234282,5.16989301473149,7.95854310045521,5.02280058488961,4.11356577116672,4.39244104955167,5.75436337459608,3.54954950976064
2.2601612662126,3.41762857461579,3.46753992092393,4.90978732299384,7.9913497859464,4.87251377651909,3.77677953648791,4.20119430917201,6.67946711606706,3.7623563525596
0.762979737951672,1.37867390843704,3.13167226721914,4.30477978753374,8.34559373972024,4.16126299980415,2.95764901634717,5.2072560628045,5.84005583447274,4.10999944377356
1.2562755741185,2.57037400907257,3.19254835402392,5.12357428746884,7.86630639325226,4.55430468007603,4.04905313574128,4.61544931891979,6.10935131270437,3.94094425584081
2.89479903170685,4.54185457708662,3.59655025531691,4.11650480019052,8.54790957741467,4.8072054446385,2.53545633644566,3.35562610013008,8.38223890043375,3.51549695887969
1.87779134345738,4.29033598676107,3.39686432214808,5.17667583467699,7.9359803682055,4.91666100224468,3.88174378338313,4.5562273013545,6.62261942721994,4.00279711737644
2.77197298586611,3.8987680873396,3.39396290392736,5.15129704155648,7.96977371690832,4.8958882721323,3.87684199063558,4.30260023922775,6.76153265610952,3.91035108389526
0.948660603872074,2.16894265906419,3.21985938253413,4.32011532817842,8.37030199065448,4.34241493422799,4.07737780613,5.07972778560037,6.41807559019451,4.0684014317361
1.9017347941316,2.96326314523074,3.37771373333779,4.92578373026173,8.01540555268729,4.79472925160924,4.91179760407289,3.94988982646587,7.8031530672328,3.66384408399004
1.97093382136935,2.17002101961302,3.21801669048985,5.71663526631711,7.5889094253982,4.85447086630363,6.00005378111529,2.95853334146024,8.20455821898839,3.31465300090072
2.77478316863738,5.66491378387948,3.71661456325669,4.87138826663491,8.06816256722469,5.17164772745856,4.35515846452867,4.06122664497246,7.4476156934252,3.50387988887165
2.35687912393584,5.50378780076435,3.63259332687522,5.33396978070573,7.8014992437854,5.22399034137093,4.91556745970348,4.96713152701411,6.0959086297308,3.86526885425075
3.44628945921335,5.04653030780223,3.59157301463201,5.32559605375959,7.8324742927412,5.15228833205757,4.95176986977249,4.4228882316023,6.42251040002413,3.67826487516337
3.28777361668812,4.75414803141505,3.7054065414296,5.05066343141614,7.9251064136192,5.26472303956107,4.71162850940986,2.60071561705923,8.19505840794228,3.07673874963145
2.96655220391384,4.25959527157637,3.64465320126963,5.55350090566165,7.62768639851759,5.36405733610881,5.3660801133014,3.11726603885019,8.08162095897655,3.25649216771169
3.31591488463206,4.40802153792951,3.71128673809694,5.92731232607922,7.40398933977719,5.5977211463884,5.83658370169393,4.24854029215085,7.32582909304004,3.66369016447233
2.36308745770176,4.17680184413387,3.59251644448477,4.96372206304498,7.86275089669923,5.13053455015284,4.93466315829778,4.40486325367037,7.29638031769419,3.72321028368299
0.668370100867189,1.46617723891801,3.14776490350277,5.549953031042,7.53768862083277,4.70761767907888,5.65338601854677,4.91485063005849,6.49144245886129,3.94721703857812
2.81431648680675,2.44987404918711,3.49420807439039,4.79262771415116,8.02174835489032,4.91928335851641,4.74564848834069,3.18451890869237,7.50191489447687,3.25264213225551
2.60791491871382,2.18699812833217,3.66363398908542,4.2638055626616,8.33324733923706,4.86137686302638,3.631038762266,4.781738145508,7.41330260647581,3.56518157839762
